reorder_rate,comparison,metric,n,mean_ratio,ci95_low,ci95_high
0.00,GoBackN / StopAndWait,duration_ratio,5,0.12562814070351758,0.12562814070351758,0.12562814070351758
0.00,GoBackN / StopAndWait,goodput_ratio,5,7.960000000000001,7.960000000000001,7.960000000000001
0.00,GoBackN / StopAndWait,retransmission_ratio_of_counts,5,undefined,undefined,undefined
0.00,GoBackN / SelectiveRepeat,duration_ratio,5,1.0,1.0,1.0
0.00,GoBackN / SelectiveRepeat,goodput_ratio,5,1.0,1.0,1.0
0.00,GoBackN / SelectiveRepeat,retransmission_ratio_of_counts,5,undefined,undefined,undefined
0.00,StopAndWait / SelectiveRepeat,duration_ratio,5,7.959999999999999,7.959999999999998,7.96
0.00,StopAndWait / SelectiveRepeat,goodput_ratio,5,0.12562814070351758,0.12562814070351758,0.12562814070351758
0.00,StopAndWait / SelectiveRepeat,retransmission_ratio_of_counts,5,undefined,undefined,undefined
0.05,GoBackN / StopAndWait,duration_ratio,5,0.5811662697710163,0.1845168913067468,0.9778156482352858
0.05,GoBackN / StopAndWait,goodput_ratio,5,2.158078324543408,0.8889809824331034,3.4271756666537123
0.05,GoBackN / StopAndWait,retransmission_ratio_of_counts,5,undefined,undefined,undefined
0.05,GoBackN / SelectiveRepeat,duration_ratio,5,3.9668338634695375,1.558802302741821,6.374865424197254
0.05,GoBackN / SelectiveRepeat,goodput_ratio,5,0.3025335776304696,0.1387078943161115,0.4663592609448277
0.05,GoBackN / SelectiveRepeat,retransmission_ratio_of_counts,5,undefined,undefined,undefined
0.05,StopAndWait / SelectiveRepeat,duration_ratio,5,7.003138872382817,6.494210487224602,7.512067257541033
0.05,StopAndWait / SelectiveRepeat,goodput_ratio,5,0.14320130396527375,0.1323715513454557,0.1540310565850918
0.05,StopAndWait / SelectiveRepeat,retransmission_ratio_of_counts,5,undefined,undefined,undefined
0.10,GoBackN / StopAndWait,duration_ratio,5,1.4100215050813565,-0.1502415659570211,2.970284576119734
0.10,GoBackN / StopAndWait,goodput_ratio,5,1.243590129846313,0.2012148536947882,2.285965405997838
0.10,GoBackN / StopAndWait,retransmission_ratio_of_counts,5,undefined,undefined,undefined
0.10,GoBackN / SelectiveRepeat,duration_ratio,5,8.782029247700889,-0.5908667813769046,18.154925276778684
0.10,GoBackN / SelectiveRepeat,goodput_ratio,5,0.19222161055750717,0.03413826324484473,0.3503049578701696
0.10,GoBackN / SelectiveRepeat,retransmission_ratio_of_counts,5,undefined,undefined,undefined
0.10,StopAndWait / SelectiveRepeat,duration_ratio,5,6.373006181215137,6.083335017956741,6.662677344473534
0.10,StopAndWait / SelectiveRepeat,goodput_ratio,5,0.15707981646761893,0.1499537930811203,0.16420583985411755
0.10,StopAndWait / SelectiveRepeat,retransmission_ratio_of_counts,5,undefined,undefined,undefined
0.15,GoBackN / StopAndWait,duration_ratio,5,9.914225742038802,-1.3501331999155752,21.17858468399318
0.15,GoBackN / StopAndWait,goodput_ratio,5,0.27316597017359523,-0.08488462627184079,0.6312165666190312
0.15,GoBackN / StopAndWait,retransmission_ratio_of_counts,5,undefined,undefined,undefined
0.15,GoBackN / SelectiveRepeat,duration_ratio,5,56.319151377337526,-7.075141603047044,119.7134443577221
0.15,GoBackN / SelectiveRepeat,goodput_ratio,5,0.046377565849321026,-0.014750338820990638,0.10750547051963269
0.15,GoBackN / SelectiveRepeat,retransmission_ratio_of_counts,5,undefined,undefined,undefined
0.15,StopAndWait / SelectiveRepeat,duration_ratio,5,5.796561328640106,5.437967444319098,6.155155212961113
0.15,StopAndWait / SelectiveRepeat,goodput_ratio,5,0.17284222288811651,0.1626773103390097,0.18300713543722333
0.15,StopAndWait / SelectiveRepeat,retransmission_ratio_of_counts,5,undefined,undefined,undefined
0.20,GoBackN / StopAndWait,duration_ratio,5,34.77858890509604,11.901967664838775,57.65521014535331
0.20,GoBackN / StopAndWait,goodput_ratio,5,0.039837598576011865,0.007108015254868101,0.07256718189715564
0.20,GoBackN / StopAndWait,retransmission_ratio_of_counts,5,undefined,undefined,undefined
0.20,GoBackN / SelectiveRepeat,duration_ratio,5,193.63525000006194,66.8589871942871,320.41151280583676
0.20,GoBackN / SelectiveRepeat,goodput_ratio,5,0.007128215473226909,0.0012914515865182722,0.012964979359935546
0.20,GoBackN / SelectiveRepeat,retransmission_ratio_of_counts,5,undefined,undefined,undefined
0.20,StopAndWait / SelectiveRepeat,duration_ratio,5,5.579001873351687,5.411102606638932,5.746901140064442
0.20,StopAndWait / SelectiveRepeat,goodput_ratio,5,0.1793274679037926,0.17395167109085216,0.184703264716733
0.20,StopAndWait / SelectiveRepeat,retransmission_ratio_of_counts,5,undefined,undefined,undefined
0.25,GoBackN / StopAndWait,duration_ratio,5,59.85513020693611,-25.755751597247226,145.46601201111946
0.25,GoBackN / StopAndWait,goodput_ratio,5,0.029847294597054673,0.010369716512130003,0.04932487268197934
0.25,GoBackN / StopAndWait,retransmission_ratio_of_counts,5,undefined,undefined,undefined
0.25,GoBackN / SelectiveRepeat,duration_ratio,5,329.74348893345075,-127.15479181739181,786.6417696842933
0.25,GoBackN / SelectiveRepeat,goodput_ratio,5,0.005237697153934842,0.0018977129096557715,0.008577681398213912
0.25,GoBackN / SelectiveRepeat,retransmission_ratio_of_counts,5,undefined,undefined,undefined
0.25,StopAndWait / SelectiveRepeat,duration_ratio,5,5.641067539818873,5.347037801029028,5.935097278608717
0.25,StopAndWait / SelectiveRepeat,goodput_ratio,5,0.17752326493010917,0.16820990366397987,0.18683662619623848
0.25,StopAndWait / SelectiveRepeat,retransmission_ratio_of_counts,5,undefined,undefined,undefined
