protocol,configured_reorder_rate,total_trials,successful_trials,failed_trials,integrity_failures,timeout_failures,other_failures
StopAndWait,0.00,5,5,0,0,0,0
StopAndWait,0.05,5,5,0,0,0,0
StopAndWait,0.10,5,5,0,0,0,0
StopAndWait,0.15,5,5,0,0,0,0
StopAndWait,0.20,5,5,0,0,0,0
StopAndWait,0.25,5,5,0,0,0,0
GoBackN,0.00,5,5,0,0,0,0
GoBackN,0.05,5,5,0,0,0,0
GoBackN,0.10,5,5,0,0,0,0
GoBackN,0.15,5,5,0,0,0,0
GoBackN,0.20,5,5,0,0,0,0
GoBackN,0.25,5,5,0,0,0,0
SelectiveRepeat,0.00,5,5,0,0,0,0
SelectiveRepeat,0.05,5,5,0,0,0,0
SelectiveRepeat,0.10,5,5,0,0,0,0
SelectiveRepeat,0.15,5,5,0,0,0,0
SelectiveRepeat,0.20,5,5,0,0,0,0
SelectiveRepeat,0.25,5,5,0,0,0,0
