protocol,configured_reorder_rate,metric,n,mean,std,sem,ci95_low,ci95_high
StopAndWait,0.00,actual_reorder_fraction,5,0.0,0.0,0.0,0.0,0.0
StopAndWait,0.05,actual_reorder_fraction,5,0.03,0.017320508075688773,0.007745966692414834,0.008493748691819684,0.05150625130818032
StopAndWait,0.10,actual_reorder_fraction,5,0.08,0.020000000000000004,0.00894427190999916,0.05516672003592471,0.1048332799640753
StopAndWait,0.15,actual_reorder_fraction,5,0.136,0.023021728866442683,0.010295630140987003,0.10741474809012977,0.16458525190987025
StopAndWait,0.20,actual_reorder_fraction,5,0.172,0.01788854381999832,0.008,0.14978843915841764,0.19421156084158234
StopAndWait,0.25,actual_reorder_fraction,5,0.238,0.01095445115010332,0.004898979485566356,0.22439825238683486,0.2516017476131651
GoBackN,0.00,actual_reorder_fraction,5,0.0,0.0,0.0,0.0,0.0
GoBackN,0.05,actual_reorder_fraction,5,0.03695930745550816,0.0159078813758933,0.007114220826900061,0.017207063863365284,0.05671155104765104
GoBackN,0.10,actual_reorder_fraction,5,0.07829788167673957,0.012388126079745279,0.005540138405629684,0.06291599151831072,0.09367977183516842
GoBackN,0.15,actual_reorder_fraction,5,0.14330629090435953,0.020665364244041397,0.009241831845894022,0.11764685211276599,0.16896572969595308
GoBackN,0.20,actual_reorder_fraction,5,0.1980229533593681,0.019174457415447477,0.008575078042523096,0.17421471990151577,0.22183118681722042
GoBackN,0.25,actual_reorder_fraction,5,0.24610013192020536,0.0219329140687863,0.009808697360493532,0.21886682214529657,0.27333344169511414
SelectiveRepeat,0.00,actual_reorder_fraction,5,0.0,0.0,0.0,0.0,0.0
SelectiveRepeat,0.05,actual_reorder_fraction,5,0.03,0.017320508075688773,0.007745966692414834,0.008493748691819684,0.05150625130818032
SelectiveRepeat,0.10,actual_reorder_fraction,5,0.08,0.020000000000000004,0.00894427190999916,0.05516672003592471,0.1048332799640753
SelectiveRepeat,0.15,actual_reorder_fraction,5,0.136,0.023021728866442683,0.010295630140987003,0.10741474809012977,0.16458525190987025
SelectiveRepeat,0.20,actual_reorder_fraction,5,0.172,0.01788854381999832,0.008,0.14978843915841764,0.19421156084158234
SelectiveRepeat,0.25,actual_reorder_fraction,5,0.238,0.01095445115010332,0.004898979485566356,0.22439825238683486,0.2516017476131651
