protocol,reorder_rate,n,retransmissions_mean,retransmissions_ci95_low,retransmissions_ci95_high,retransmission_ratio_mean,goodput_mean,goodput_ci95_low,goodput_ci95_high,duration_mean,duration_ci95_low,duration_ci95_high,mean_rtt_mean,final_rto_mean,timeout_mean,premature_retransmissions_mean
StopAndWait,0.00,5,0.0,0.0,0.0,0.0,35175.87939698492,35175.87939698492,35175.87939698492,3.9799999999999995,3.979999999999999,3.98,40.0,200.0,0.0,0.0
StopAndWait,0.05,5,0.0,0.0,0.0,0.0,33909.95238583315,33047.81213883171,34772.092632834596,4.13,4.022468743459099,4.237531256540901,41.5,200.0,0.0,0.0
StopAndWait,0.10,5,0.0,0.0,0.0,0.0,31976.80621345965,31070.170174394225,32883.44225252508,4.380000000000001,4.255833600179624,4.504166399820377,44.0,200.0,0.0,0.0
StopAndWait,0.15,5,0.0,0.0,0.0,0.0,30057.465985529892,29143.191865698846,30971.74010536094,4.66,4.517073740450649,4.802926259549351,46.8,200.0,0.0,0.0
StopAndWait,0.20,5,0.0,0.0,0.0,0.0,28933.530137832997,28269.125285423663,29597.93499024233,4.84,4.728942195792088,4.951057804207911,48.6,200.0,0.0,0.0
StopAndWait,0.25,5,0.0,0.0,0.0,0.0,27081.755729322012,26722.508876935346,27441.00258170868,5.17,5.101991261934174,5.238008738065826,51.9,200.0,0.0,0.0
GoBackN,0.00,5,0.0,0.0,0.0,0.0,280000.0,280000.0,280000.0,0.5,0.5,0.5,40.0,200.0,0.0,0.0
GoBackN,0.05,5,30.8,14.388414429712864,47.21158557028714,0.22944740504193062,73635.11914957983,29377.50140054358,117892.73689861607,2.42,0.7056041620653746,4.134395837934625,42.23895433148404,600.0,4.4,0.0
GoBackN,0.10,5,55.2,33.93888326459668,76.46111673540332,0.3496746280621507,40010.41414048361,5931.140937955541,74089.68734301168,6.204,-0.6649588576599212,13.07295885765992,45.620511088596196,440.0,7.2,0.0
GoBackN,0.15,5,102.4,83.78331962725179,121.01668037274823,0.5038284155337684,8256.662984305329,-2507.0652230414235,19020.39119165208,46.66799999999999,-6.7595815180470495,100.09558151804703,51.339508591663765,6800.0,13.6,0.0
GoBackN,0.20,5,133.0,121.99882894741766,144.00117105258235,0.5703119501664593,1148.9515093023567,211.52160361468304,2086.3814149900304,167.918,57.86020898314844,277.9757910168516,55.6986013986014,25520.0,18.0,0.0
GoBackN,0.25,5,164.8,120.54726233180833,209.0527376681917,0.6169195620958305,811.3426541618145,276.01540911255825,1346.6698992110707,311.446,-137.44336112293217,760.3353611229322,56.049498746867165,16640.0,22.0,0.0
SelectiveRepeat,0.00,5,0.0,0.0,0.0,0.0,280000.0,280000.0,280000.0,0.5,0.5,0.5,40.0,200.0,0.0,0.0
SelectiveRepeat,0.05,5,0.0,0.0,0.0,0.0,237692.68412038166,214905.2104852578,260480.15775550553,0.592,0.531552511399465,0.6524474886005349,41.5,200.0,0.0,0.0
SelectiveRepeat,0.10,5,0.0,0.0,0.0,0.0,203784.109754259,193076.83974434898,214491.37976416902,0.688,0.6513761737190287,0.7246238262809712,44.0,200.0,0.0,0.0
SelectiveRepeat,0.15,5,0.0,0.0,0.0,0.0,174354.94086741633,159124.6899332969,189585.19180153575,0.806,0.7387893803822968,0.8732106196177033,46.8,200.0,0.0,0.0
SelectiveRepeat,0.20,5,0.0,0.0,0.0,0.0,161430.12615510466,154848.92570418637,168011.32660602295,0.868,0.8324441541060124,0.9035558458939876,48.6,200.0,0.0,0.0
SelectiveRepeat,0.25,5,0.0,0.0,0.0,0.0,152803.96668149956,143452.7874388334,162155.14592416573,0.9179999999999999,0.8615076993495467,0.9744923006504531,51.9,200.0,0.0,0.0
