reorder_rate,comparison,metric,n,mean_difference,std_difference,sem_difference,ci95_low,ci95_high,df,exploratory_t,exploratory_two_sided_p_uncorrected
0.00,GoBackN - StopAndWait,data_retransmissions,5,0.0,0.0,0.0,0.0,0.0,4,,
0.00,GoBackN - StopAndWait,retransmission_ratio,5,0.0,0.0,0.0,0.0,0.0,4,,
0.00,GoBackN - StopAndWait,goodput_bytes_sec,5,244824.1206030151,3.253907165344266e-11,1.4551915228366852e-11,244824.12060301506,244824.12060301512,4,1.68242e+16,7.48885e-65
0.00,GoBackN - StopAndWait,mean_rtt_ms,5,0.0,0.0,0.0,0.0,0.0,4,,
0.00,GoBackN - StopAndWait,final_rto_ms,5,0.0,0.0,0.0,0.0,0.0,4,,
0.00,GoBackN - StopAndWait,timeout_count,5,0.0,0.0,0.0,0.0,0.0,4,,
0.00,GoBackN - StopAndWait,duration_secs,5,-3.4799999999999995,4.965068306494546e-16,2.220446049250313e-16,-3.48,-3.479999999999999,4,-1.56725e+16,9.94478e-65
0.00,GoBackN - SelectiveRepeat,data_retransmissions,5,0.0,0.0,0.0,0.0,0.0,4,,
0.00,GoBackN - SelectiveRepeat,retransmission_ratio,5,0.0,0.0,0.0,0.0,0.0,4,,
0.00,GoBackN - SelectiveRepeat,goodput_bytes_sec,5,0.0,0.0,0.0,0.0,0.0,4,,
0.00,GoBackN - SelectiveRepeat,mean_rtt_ms,5,0.0,0.0,0.0,0.0,0.0,4,,
0.00,GoBackN - SelectiveRepeat,final_rto_ms,5,0.0,0.0,0.0,0.0,0.0,4,,
0.00,GoBackN - SelectiveRepeat,timeout_count,5,0.0,0.0,0.0,0.0,0.0,4,,
0.00,GoBackN - SelectiveRepeat,duration_secs,5,0.0,0.0,0.0,0.0,0.0,4,,
0.00,StopAndWait - SelectiveRepeat,data_retransmissions,5,0.0,0.0,0.0,0.0,0.0,4,,
0.00,StopAndWait - SelectiveRepeat,retransmission_ratio,5,0.0,0.0,0.0,0.0,0.0,4,,
0.00,StopAndWait - SelectiveRepeat,goodput_bytes_sec,5,-244824.1206030151,3.253907165344266e-11,1.4551915228366852e-11,-244824.12060301512,-244824.12060301506,4,-1.68242e+16,7.48885e-65
0.00,StopAndWait - SelectiveRepeat,mean_rtt_ms,5,0.0,0.0,0.0,0.0,0.0,4,,
0.00,StopAndWait - SelectiveRepeat,final_rto_ms,5,0.0,0.0,0.0,0.0,0.0,4,,
0.00,StopAndWait - SelectiveRepeat,timeout_count,5,0.0,0.0,0.0,0.0,0.0,4,,
0.00,StopAndWait - SelectiveRepeat,duration_secs,5,3.4799999999999995,4.965068306494546e-16,2.220446049250313e-16,3.479999999999999,3.48,4,1.56725e+16,9.94478e-65
0.05,GoBackN - StopAndWait,data_retransmissions,5,30.8,13.21741275741966,5.911006682452659,14.388414429712864,47.21158557028714,4,5.21062,0.00646888
0.05,GoBackN - StopAndWait,retransmission_ratio,5,0.22944740504193062,0.07482690050340414,0.033463607214244975,0.13653753658967854,0.3223572734941827,4,6.85662,0.00236867
0.05,GoBackN - StopAndWait,goodput_bytes_sec,5,39725.16676374667,35085.57181081279,15690.744719685557,-3839.324610132433,83289.65813762577,4,2.53176,0.0645439
0.05,GoBackN - StopAndWait,mean_rtt_ms,5,0.7389543314840423,0.6601731721372216,0.2952384179640995,-0.08075892893872227,1.558667591906807,4,2.50291,0.0665595
0.05,GoBackN - StopAndWait,final_rto_ms,5,400.0,565.685424949238,252.98221281347034,-302.3912264680664,1102.3912264680664,4,1.58114,0.189004
0.05,GoBackN - StopAndWait,timeout_count,5,4.4,2.073644135332772,0.9273618495495702,1.825230732070923,6.974769267929078,4,4.74464,0.00900635
0.05,GoBackN - StopAndWait,duration_secs,5,-1.7100000000000002,1.3026511428621248,0.5825633012815001,-3.327455026310889,-0.0925449736891113,4,-2.9353,0.042588
0.05,GoBackN - SelectiveRepeat,data_retransmissions,5,30.8,13.21741275741966,5.911006682452659,14.388414429712864,47.21158557028714,4,5.21062,0.00646888
0.05,GoBackN - SelectiveRepeat,retransmission_ratio,5,0.22944740504193062,0.07482690050340414,0.033463607214244975,0.13653753658967854,0.3223572734941827,4,6.85662,0.00236867
0.05,GoBackN - SelectiveRepeat,goodput_bytes_sec,5,-164057.56497080188,20569.352455059172,9198.894068532898,-189597.78938061307,-138517.34056099068,4,-17.8345,5.80845e-05
0.05,GoBackN - SelectiveRepeat,mean_rtt_ms,5,0.7389543314840423,0.6601731721372216,0.2952384179640995,-0.08075892893872227,1.558667591906807,4,2.50291,0.0665595
0.05,GoBackN - SelectiveRepeat,final_rto_ms,5,400.0,565.685424949238,252.98221281347034,-302.3912264680664,1102.3912264680664,4,1.58114,0.189004
0.05,GoBackN - SelectiveRepeat,timeout_count,5,4.4,2.073644135332772,0.9273618495495702,1.825230732070923,6.974769267929078,4,4.74464,0.00900635
0.05,GoBackN - SelectiveRepeat,duration_secs,5,1.828,1.3334804085549963,0.5963505680386327,0.17226538438721395,3.483734615612786,4,3.06531,0.0374638
0.05,StopAndWait - SelectiveRepeat,data_retransmissions,5,0.0,0.0,0.0,0.0,0.0,4,,
0.05,StopAndWait - SelectiveRepeat,retransmission_ratio,5,0.0,0.0,0.0,0.0,0.0,4,,
0.05,StopAndWait - SelectiveRepeat,goodput_bytes_sec,5,-203782.73173454852,17679.140869626823,7906.352153656064,-225734.28447153693,-181831.1789975601,4,-25.7746,1.34599e-05
0.05,StopAndWait - SelectiveRepeat,mean_rtt_ms,5,0.0,0.0,0.0,0.0,0.0,4,,
0.05,StopAndWait - SelectiveRepeat,final_rto_ms,5,0.0,0.0,0.0,0.0,0.0,4,,
0.05,StopAndWait - SelectiveRepeat,timeout_count,5,0.0,0.0,0.0,0.0,0.0,4,,
0.05,StopAndWait - SelectiveRepeat,duration_secs,5,3.5380000000000003,0.04024922359499635,0.01800000000000006,3.48802398810644,3.5879760118935606,4,196.556,4.01916e-09
0.10,GoBackN - StopAndWait,data_retransmissions,5,55.2,17.123083834403193,7.657675887630658,33.93888326459668,76.46111673540332,4,7.20845,0.00196345
0.10,GoBackN - StopAndWait,retransmission_ratio,5,0.3496746280621507,0.06802984295225492,0.030423870667975396,0.2652044212648797,0.43414483485942174,4,11.4934,0.00032715
0.10,GoBackN - StopAndWait,goodput_bytes_sec,5,8033.607927023966,27068.84044170194,12105.553459948194,-25576.796722559426,41644.012576607354,4,0.66363,0.543222
0.10,GoBackN - StopAndWait,mean_rtt_ms,5,1.6205110885961944,1.154393797160938,0.5162606006511922,0.18714187091171874,3.05388030628067,4,3.13894,0.0348833
0.10,GoBackN - StopAndWait,final_rto_ms,5,240.0,219.08902300206645,97.97958971132712,-32.03495226330233,512.0349522633023,4,2.44949,0.070484
0.10,GoBackN - StopAndWait,timeout_count,5,7.2,2.16794833886788,0.9695359714832658,4.508136597662099,9.8918634023379,4,7.42623,0.00175517
0.10,GoBackN - StopAndWait,duration_secs,5,1.8239999999999994,5.50342438850576,2.461206208345818,-5.00940393004417,8.657403930044168,4,0.7411,0.499781
0.10,GoBackN - SelectiveRepeat,data_retransmissions,5,55.2,17.123083834403193,7.657675887630658,33.93888326459668,76.46111673540332,4,7.20845,0.00196345
0.10,GoBackN - SelectiveRepeat,retransmission_ratio,5,0.3496746280621507,0.06802984295225492,0.030423870667975396,0.2652044212648797,0.43414483485942174,4,11.4934,0.00032715
0.10,GoBackN - SelectiveRepeat,goodput_bytes_sec,5,-163773.6956137754,19384.709261648928,8669.105526623352,-187842.99121961195,-139704.40000793885,4,-18.8916,4.62384e-05
0.10,GoBackN - SelectiveRepeat,mean_rtt_ms,5,1.6205110885961944,1.154393797160938,0.5162606006511922,0.18714187091171874,3.05388030628067,4,3.13894,0.0348833
0.10,GoBackN - SelectiveRepeat,final_rto_ms,5,240.0,219.08902300206645,97.97958971132712,-32.03495226330233,512.0349522633023,4,2.44949,0.070484
0.10,GoBackN - SelectiveRepeat,timeout_count,5,7.2,2.16794833886788,0.9695359714832658,4.508136597662099,9.8918634023379,4,7.42623,0.00175517
0.10,GoBackN - SelectiveRepeat,duration_secs,5,5.516,5.50516393942996,2.461984159169185,-1.3195638677997916,12.351563867799792,4,2.24047,0.0885758
0.10,StopAndWait - SelectiveRepeat,data_retransmissions,5,0.0,0.0,0.0,0.0,0.0,4,,
0.10,StopAndWait - SelectiveRepeat,retransmission_ratio,5,0.0,0.0,0.0,0.0,0.0,4,,
0.10,StopAndWait - SelectiveRepeat,goodput_bytes_sec,5,-171807.30354079936,8268.237975761029,3697.6684335893838,-182073.676963883,-161540.93011771573,4,-46.4637,1.28338e-06
0.10,StopAndWait - SelectiveRepeat,mean_rtt_ms,5,0.0,0.0,0.0,0.0,0.0,4,,
0.10,StopAndWait - SelectiveRepeat,final_rto_ms,5,0.0,0.0,0.0,0.0,0.0,4,,
0.10,StopAndWait - SelectiveRepeat,timeout_count,5,0.0,0.0,0.0,0.0,0.0,4,,
0.10,StopAndWait - SelectiveRepeat,duration_secs,5,3.692,0.08871302046486769,0.039673668849754824,3.5818482363168602,3.80215176368314,4,93.0592,7.99429e-08
0.15,GoBackN - StopAndWait,data_retransmissions,5,102.4,14.99333185119305,6.705221845696084,83.78331962725179,121.01668037274823,4,15.2717,0.000107224
0.15,GoBackN - StopAndWait,retransmission_ratio,5,0.5038284155337684,0.035494058278772,0.015873425421734675,0.45975672121887096,0.5479001098486659,4,31.7404,5.87266e-06
0.15,GoBackN - StopAndWait,goodput_bytes_sec,5,-21800.80300122456,8487.136887787165,3795.563003087621,-32338.97532261703,-11262.630679832097,4,-5.74376,0.00455337
0.15,GoBackN - StopAndWait,mean_rtt_ms,5,4.539508591663764,3.2670657944434187,1.4610762406679678,0.48291061494039056,8.596106568387137,4,3.10696,0.0359776
0.15,GoBackN - StopAndWait,final_rto_ms,5,6600.0,10800.0,4829.906831399546,-6809.971180600658,20009.97118060066,4,1.36649,0.24356
0.15,GoBackN - StopAndWait,timeout_count,5,13.6,2.4083189157584592,1.0770329614269007,10.609677106109597,16.590322893890402,4,12.6273,0.000226448
0.15,GoBackN - StopAndWait,duration_secs,5,42.007999999999996,42.96250888856469,19.213418071753917,-11.337000559440014,95.35300055944,4,2.18639,0.0940706
0.15,GoBackN - SelectiveRepeat,data_retransmissions,5,102.4,14.99333185119305,6.705221845696084,83.78331962725179,121.01668037274823,4,15.2717,0.000107224
0.15,GoBackN - SelectiveRepeat,retransmission_ratio,5,0.5038284155337684,0.035494058278772,0.015873425421734675,0.45975672121887096,0.5479001098486659,4,31.7404,5.87266e-06
0.15,GoBackN - SelectiveRepeat,goodput_bytes_sec,5,-166098.277883111,11722.740733722305,5242.569032641767,-180653.98301245077,-151542.57275377124,4,-31.6826,5.91546e-06
0.15,GoBackN - SelectiveRepeat,mean_rtt_ms,5,4.539508591663764,3.2670657944434187,1.4610762406679678,0.48291061494039056,8.596106568387137,4,3.10696,0.0359776
0.15,GoBackN - SelectiveRepeat,final_rto_ms,5,6600.0,10800.0,4829.906831399546,-6809.971180600658,20009.97118060066,4,1.36649,0.24356
0.15,GoBackN - SelectiveRepeat,timeout_count,5,13.6,2.4083189157584592,1.0770329614269007,10.609677106109597,16.590322893890402,4,12.6273,0.000226448
0.15,GoBackN - SelectiveRepeat,duration_secs,5,45.862,42.996208786356966,19.22848912421358,-7.524844509271816,99.24884450927182,4,2.38511,0.0755685
0.15,StopAndWait - SelectiveRepeat,data_retransmissions,5,0.0,0.0,0.0,0.0,0.0,4,,
0.15,StopAndWait - SelectiveRepeat,retransmission_ratio,5,0.0,0.0,0.0,0.0,0.0,4,,
0.15,StopAndWait - SelectiveRepeat,goodput_bytes_sec,5,-144297.47488188645,11631.90239393277,5201.944892095243,-158740.38931505295,-129854.56044871995,4,-27.7391,1.00468e-05
0.15,StopAndWait - SelectiveRepeat,mean_rtt_ms,5,0.0,0.0,0.0,0.0,0.0,4,,
0.15,StopAndWait - SelectiveRepeat,final_rto_ms,5,0.0,0.0,0.0,0.0,0.0,4,,
0.15,StopAndWait - SelectiveRepeat,timeout_count,5,0.0,0.0,0.0,0.0,0.0,4,,
0.15,StopAndWait - SelectiveRepeat,duration_secs,5,3.854,0.07162401831787982,0.03203123475609388,3.765067035048002,3.942932964951998,4,120.32,2.86154e-08
0.20,GoBackN - StopAndWait,data_retransmissions,5,133.0,8.860022573334675,3.9623225512317894,121.99882894741766,144.00117105258235,4,33.5662,4.69871e-06
0.20,GoBackN - StopAndWait,retransmission_ratio,5,0.5703119501664593,0.016552747831907237,0.007402613873311368,0.5497589991122347,0.5908649012206839,4,77.042,1.7012e-07
0.20,GoBackN - StopAndWait,goodput_bytes_sec,5,-27784.578628530646,1051.2613956258185,470.13838854812604,-29089.89205618067,-26479.26520088062,4,-59.0987,4.9092e-07
0.20,GoBackN - StopAndWait,mean_rtt_ms,5,7.0986013986013985,3.5367218421613202,1.5816700913161987,2.7071812155287898,11.490021581674007,4,4.48804,0.0109222
0.20,GoBackN - StopAndWait,final_rto_ms,5,25320.0,31565.043956883696,14116.316800072176,-13873.178682981787,64513.17868298179,4,1.79367,0.14732
0.20,GoBackN - StopAndWait,timeout_count,5,18.0,1.4142135623730951,0.6324555320336759,16.244021933829835,19.755978066170165,4,28.4605,9.07017e-06
0.20,GoBackN - StopAndWait,duration_secs,5,163.078,88.66182701704268,39.65077444388697,52.989801377968234,273.16619862203174,4,4.11286,0.0146978
0.20,GoBackN - SelectiveRepeat,data_retransmissions,5,133.0,8.860022573334675,3.9623225512317894,121.99882894741766,144.00117105258235,4,33.5662,4.69871e-06
0.20,GoBackN - SelectiveRepeat,retransmission_ratio,5,0.5703119501664593,0.016552747831907237,0.007402613873311368,0.5497589991122347,0.5908649012206839,4,77.042,1.7012e-07
0.20,GoBackN - SelectiveRepeat,goodput_bytes_sec,5,-160281.1746458023,5400.621164796448,2415.2312090417904,-166986.9315140673,-153575.41777753728,4,-66.3627,3.08886e-07
0.20,GoBackN - SelectiveRepeat,mean_rtt_ms,5,7.0986013986013985,3.5367218421613202,1.5816700913161987,2.7071812155287898,11.490021581674007,4,4.48804,0.0109222
0.20,GoBackN - SelectiveRepeat,final_rto_ms,5,25320.0,31565.043956883696,14116.316800072176,-13873.178682981787,64513.17868298179,4,1.79367,0.14732
0.20,GoBackN - SelectiveRepeat,timeout_count,5,18.0,1.4142135623730951,0.6324555320336759,16.244021933829835,19.755978066170165,4,28.4605,9.07017e-06
0.20,GoBackN - SelectiveRepeat,duration_secs,5,167.05,88.63672009951631,39.639546289028075,56.992975733566624,277.1070242664334,4,4.21423,0.0135402
0.20,StopAndWait - SelectiveRepeat,data_retransmissions,5,0.0,0.0,0.0,0.0,0.0,4,,
0.20,StopAndWait - SelectiveRepeat,retransmission_ratio,5,0.0,0.0,0.0,0.0,0.0,4,,
0.20,StopAndWait - SelectiveRepeat,goodput_bytes_sec,5,-132496.59601727166,4948.219313090205,2212.9109503294026,-138640.62179355233,-126352.57024099099,4,-59.8743,4.65995e-07
0.20,StopAndWait - SelectiveRepeat,mean_rtt_ms,5,0.0,0.0,0.0,0.0,0.0,4,,
0.20,StopAndWait - SelectiveRepeat,final_rto_ms,5,0.0,0.0,0.0,0.0,0.0,4,,
0.20,StopAndWait - SelectiveRepeat,timeout_count,5,0.0,0.0,0.0,0.0,0.0,4,,
0.20,StopAndWait - SelectiveRepeat,duration_secs,5,3.972,0.07259476565152574,0.03246536616149567,3.8818616930324614,4.0621383069675385,4,122.346,2.67671e-08
0.25,GoBackN - StopAndWait,data_retransmissions,5,164.8,35.63986531961085,15.938632312717424,120.54726233180833,209.0527376681917,4,10.3397,0.000493763
0.25,GoBackN - StopAndWait,retransmission_ratio,5,0.6169195620958305,0.05067548779971503,0.02266276710262481,0.5539976333035103,0.6798414908881508,4,27.2217,1.08291e-05
0.25,GoBackN - StopAndWait,goodput_bytes_sec,5,-26270.4130751602,242.99044863999748,108.66863220844114,-26572.125567143863,-25968.700583176535,4,-241.748,1.75651e-09
0.25,GoBackN - StopAndWait,mean_rtt_ms,5,4.1494987468671685,3.9781345092460967,1.7790758372624076,-0.790007653275711,9.089005147010049,4,2.33239,0.0800423
0.25,GoBackN - StopAndWait,final_rto_ms,5,16440.0,24653.762390353324,11025.497721191547,-14171.689180371704,47051.6891803717,4,1.49109,0.210202
0.25,GoBackN - StopAndWait,timeout_count,5,22.0,4.47213595499958,2.0,16.44710978960441,27.55289021039559,4,11,0.000388171
0.25,GoBackN - StopAndWait,duration_secs,5,306.27599999999995,361.4861685874025,161.6615291774762,-142.56836138359427,755.1203613835942,4,1.89455,0.13106
0.25,GoBackN - SelectiveRepeat,data_retransmissions,5,164.8,35.63986531961085,15.938632312717424,120.54726233180833,209.0527376681917,4,10.3397,0.000493763
0.25,GoBackN - SelectiveRepeat,retransmission_ratio,5,0.6169195620958305,0.05067548779971503,0.02266276710262481,0.5539976333035103,0.6798414908881508,4,27.2217,1.08291e-05
0.25,GoBackN - SelectiveRepeat,goodput_bytes_sec,5,-151992.62402733773,7223.186169547168,3230.3070578487577,-160961.39424638782,-143023.85380828765,4,-47.0521,1.22048e-06
0.25,GoBackN - SelectiveRepeat,mean_rtt_ms,5,4.1494987468671685,3.9781345092460967,1.7790758372624076,-0.790007653275711,9.089005147010049,4,2.33239,0.0800423
0.25,GoBackN - SelectiveRepeat,final_rto_ms,5,16440.0,24653.762390353324,11025.497721191547,-14171.689180371704,47051.6891803717,4,1.49109,0.210202
0.25,GoBackN - SelectiveRepeat,timeout_count,5,22.0,4.47213595499958,2.0,16.44710978960441,27.55289021039559,4,11,0.000388171
0.25,GoBackN - SelectiveRepeat,duration_secs,5,310.52799999999996,361.4921800952269,161.66421760550475,-138.3238256564348,759.3798256564347,4,1.92082,0.127151
0.25,StopAndWait - SelectiveRepeat,data_retransmissions,5,0.0,0.0,0.0,0.0,0.0,4,,
0.25,StopAndWait - SelectiveRepeat,retransmission_ratio,5,0.0,0.0,0.0,0.0,0.0,4,,
0.25,StopAndWait - SelectiveRepeat,goodput_bytes_sec,5,-125722.21095217756,7317.687424771965,3272.5693039770986,-134808.31997762533,-116636.10192672978,4,-38.417,2.7422e-06
0.25,StopAndWait - SelectiveRepeat,mean_rtt_ms,5,0.0,0.0,0.0,0.0,0.0,4,,
0.25,StopAndWait - SelectiveRepeat,final_rto_ms,5,0.0,0.0,0.0,0.0,0.0,4,,
0.25,StopAndWait - SelectiveRepeat,timeout_count,5,0.0,0.0,0.0,0.0,0.0,4,,
0.25,StopAndWait - SelectiveRepeat,duration_secs,5,4.252,0.03701351104664349,0.016552945357246843,4.206041655886265,4.297958344113734,4,256.873,1.37796e-09
