protocol,reorder_rate,mean_data_retransmissions,mean_timeout_count,mean_timeout_retransmissions,mean_premature_retransmissions,mean_final_rto_ms,mean_duration_secs
StopAndWait,0.00,0.0,0.0,0.0,0.0,200.0,3.9799999999999995
StopAndWait,0.05,0.0,0.0,0.0,0.0,200.0,4.13
StopAndWait,0.10,0.0,0.0,0.0,0.0,200.0,4.380000000000001
StopAndWait,0.15,0.0,0.0,0.0,0.0,200.0,4.66
StopAndWait,0.20,0.0,0.0,0.0,0.0,200.0,4.84
StopAndWait,0.25,0.0,0.0,0.0,0.0,200.0,5.17
GoBackN,0.00,0.0,0.0,0.0,0.0,200.0,0.5
GoBackN,0.05,30.8,4.4,30.8,0.0,600.0,2.42
GoBackN,0.10,55.2,7.2,55.2,0.0,440.0,6.204
GoBackN,0.15,102.4,13.6,102.4,0.0,6800.0,46.66799999999999
GoBackN,0.20,133.0,18.0,133.0,0.0,25520.0,167.918
GoBackN,0.25,164.8,22.0,164.8,0.0,16640.0,311.446
SelectiveRepeat,0.00,0.0,0.0,0.0,0.0,200.0,0.5
SelectiveRepeat,0.05,0.0,0.0,0.0,0.0,200.0,0.592
SelectiveRepeat,0.10,0.0,0.0,0.0,0.0,200.0,0.688
SelectiveRepeat,0.15,0.0,0.0,0.0,0.0,200.0,0.806
SelectiveRepeat,0.20,0.0,0.0,0.0,0.0,200.0,0.868
SelectiveRepeat,0.25,0.0,0.0,0.0,0.0,200.0,0.9179999999999999
