protocol,reorder_rate,mean_final_rto_ms,min_final_rto_ms,max_final_rto_ms,mean_timeout_count,mean_rtt_ms,mean_duration_secs,mean_data_retransmissions
StopAndWait,0.00,200.0,200.0,200.0,0.0,40.0,3.9799999999999995,0.0
StopAndWait,0.05,200.0,200.0,200.0,0.0,41.5,4.13,0.0
StopAndWait,0.10,200.0,200.0,200.0,0.0,44.0,4.380000000000001,0.0
StopAndWait,0.15,200.0,200.0,200.0,0.0,46.8,4.66,0.0
StopAndWait,0.20,200.0,200.0,200.0,0.0,48.6,4.84,0.0
StopAndWait,0.25,200.0,200.0,200.0,0.0,51.9,5.17,0.0
GoBackN,0.00,200.0,200.0,200.0,0.0,40.0,0.5,0.0
GoBackN,0.05,600.0,200.0,1600.0,4.4,42.23895433148404,2.42,30.8
GoBackN,0.10,440.0,200.0,800.0,7.2,45.620511088596196,6.204,55.2
GoBackN,0.15,6800.0,400.0,25600.0,13.6,51.339508591663765,46.66799999999999,102.4
GoBackN,0.20,25520.0,400.0,60000.0,18.0,55.6986013986014,167.918,133.0
GoBackN,0.25,16640.0,800.0,60000.0,22.0,56.049498746867165,311.446,164.8
SelectiveRepeat,0.00,200.0,200.0,200.0,0.0,40.0,0.5,0.0
SelectiveRepeat,0.05,200.0,200.0,200.0,0.0,41.5,0.592,0.0
SelectiveRepeat,0.10,200.0,200.0,200.0,0.0,44.0,0.688,0.0
SelectiveRepeat,0.15,200.0,200.0,200.0,0.0,46.8,0.806,0.0
SelectiveRepeat,0.20,200.0,200.0,200.0,0.0,48.6,0.868,0.0
SelectiveRepeat,0.25,200.0,200.0,200.0,0.0,51.9,0.9179999999999999,0.0
