experiment_id,protocol,window_size,chunk_size,segment_count,seed,reverse_seed,trial_id,configured_loss_rate,configured_reorder_rate,configured_duplicate_rate,configured_corrupt_rate,base_delay_ms,jitter_ms,reorder_extra_ms,reverse_loss_rate,reverse_reorder_rate,reverse_duplicate_rate,reverse_corrupt_rate,reverse_base_delay_ms,reverse_jitter_ms,reverse_reorder_extra_ms,rto_multiplier,initial_rto_ms,min_rto_ms,max_rto_ms,alpha,beta,k,source_bytes,delivered_unique_bytes,transfer_status,sha256_match,source_sha256,delivered_sha256,duration_secs,total_rtt_samples,karn_rejected_count,min_rtt_ms,max_rtt_ms,mean_rtt_ms,final_srtt_ms,final_rttvar_ms,final_rto_ms,timeout_count,backoff_count,data_sent,ack_sent,data_received,ack_received,data_retransmissions,timeout_retransmissions,premature_retransmissions,duplicate_data_received,duplicate_acks_received,offered_datagrams,dropped_datagrams,duplicated_datagrams,corrupted_datagrams,reordered_datagrams,scheduled_deliveries,reverse_offered_datagrams,reverse_dropped_datagrams,reverse_duplicated_datagrams,reverse_corrupted_datagrams,reverse_reordered_datagrams,reverse_scheduled_deliveries,goodput_bytes_sec,retransmission_ratio
window_goodput_StopAndWait_w1_s101_t1,StopAndWait,1,1400,100,101,102,1,0.0,0.0,0.0,0.0,20,0,50,0.0,0.0,0.0,0.0,20,0,50,1.0,1000.0,200.0,60000.0,0.125,0.25,4.0,140000,140000,SUCCESS,true,8e6c7049a65aeff8211b2bbd78db47683a1b86f75565ad3362fb6e53a0a4cbbf,8e6c7049a65aeff8211b2bbd78db47683a1b86f75565ad3362fb6e53a0a4cbbf,3.98,100,0,40.0,40.0,40.0,40.0,2.0000000000000003e-06,200.0,0,0,100,100,100,100,0,0,0,0,0,100,0,0,0,0,100,100,0,0,0,0,100,35175.87939698492,0.0
window_goodput_StopAndWait_w1_s202_t2,StopAndWait,1,1400,100,202,203,2,0.0,0.0,0.0,0.0,20,0,50,0.0,0.0,0.0,0.0,20,0,50,1.0,1000.0,200.0,60000.0,0.125,0.25,4.0,140000,140000,SUCCESS,true,8e6c7049a65aeff8211b2bbd78db47683a1b86f75565ad3362fb6e53a0a4cbbf,8e6c7049a65aeff8211b2bbd78db47683a1b86f75565ad3362fb6e53a0a4cbbf,3.98,100,0,40.0,40.0,40.0,40.0,2.0000000000000003e-06,200.0,0,0,100,100,100,100,0,0,0,0,0,100,0,0,0,0,100,100,0,0,0,0,100,35175.87939698492,0.0
window_goodput_StopAndWait_w1_s303_t3,StopAndWait,1,1400,100,303,304,3,0.0,0.0,0.0,0.0,20,0,50,0.0,0.0,0.0,0.0,20,0,50,1.0,1000.0,200.0,60000.0,0.125,0.25,4.0,140000,140000,SUCCESS,true,8e6c7049a65aeff8211b2bbd78db47683a1b86f75565ad3362fb6e53a0a4cbbf,8e6c7049a65aeff8211b2bbd78db47683a1b86f75565ad3362fb6e53a0a4cbbf,3.98,100,0,40.0,40.0,40.0,40.0,2.0000000000000003e-06,200.0,0,0,100,100,100,100,0,0,0,0,0,100,0,0,0,0,100,100,0,0,0,0,100,35175.87939698492,0.0
window_goodput_StopAndWait_w1_s404_t4,StopAndWait,1,1400,100,404,405,4,0.0,0.0,0.0,0.0,20,0,50,0.0,0.0,0.0,0.0,20,0,50,1.0,1000.0,200.0,60000.0,0.125,0.25,4.0,140000,140000,SUCCESS,true,8e6c7049a65aeff8211b2bbd78db47683a1b86f75565ad3362fb6e53a0a4cbbf,8e6c7049a65aeff8211b2bbd78db47683a1b86f75565ad3362fb6e53a0a4cbbf,3.98,100,0,40.0,40.0,40.0,40.0,2.0000000000000003e-06,200.0,0,0,100,100,100,100,0,0,0,0,0,100,0,0,0,0,100,100,0,0,0,0,100,35175.87939698492,0.0
window_goodput_StopAndWait_w1_s505_t5,StopAndWait,1,1400,100,505,506,5,0.0,0.0,0.0,0.0,20,0,50,0.0,0.0,0.0,0.0,20,0,50,1.0,1000.0,200.0,60000.0,0.125,0.25,4.0,140000,140000,SUCCESS,true,8e6c7049a65aeff8211b2bbd78db47683a1b86f75565ad3362fb6e53a0a4cbbf,8e6c7049a65aeff8211b2bbd78db47683a1b86f75565ad3362fb6e53a0a4cbbf,3.98,100,0,40.0,40.0,40.0,40.0,2.0000000000000003e-06,200.0,0,0,100,100,100,100,0,0,0,0,0,100,0,0,0,0,100,100,0,0,0,0,100,35175.87939698492,0.0
window_goodput_GoBackN_w1_s101_t1,GoBackN,1,1400,100,101,102,1,0.0,0.0,0.0,0.0,20,0,50,0.0,0.0,0.0,0.0,20,0,50,1.0,1000.0,200.0,60000.0,0.125,0.25,4.0,140000,140000,SUCCESS,true,8e6c7049a65aeff8211b2bbd78db47683a1b86f75565ad3362fb6e53a0a4cbbf,8e6c7049a65aeff8211b2bbd78db47683a1b86f75565ad3362fb6e53a0a4cbbf,3.98,100,0,40.0,40.0,40.0,40.0,2.0000000000000003e-06,200.0,0,0,100,100,100,100,0,0,0,0,0,100,0,0,0,0,100,100,0,0,0,0,100,35175.87939698492,0.0
window_goodput_GoBackN_w1_s202_t2,GoBackN,1,1400,100,202,203,2,0.0,0.0,0.0,0.0,20,0,50,0.0,0.0,0.0,0.0,20,0,50,1.0,1000.0,200.0,60000.0,0.125,0.25,4.0,140000,140000,SUCCESS,true,8e6c7049a65aeff8211b2bbd78db47683a1b86f75565ad3362fb6e53a0a4cbbf,8e6c7049a65aeff8211b2bbd78db47683a1b86f75565ad3362fb6e53a0a4cbbf,3.98,100,0,40.0,40.0,40.0,40.0,2.0000000000000003e-06,200.0,0,0,100,100,100,100,0,0,0,0,0,100,0,0,0,0,100,100,0,0,0,0,100,35175.87939698492,0.0
window_goodput_GoBackN_w1_s303_t3,GoBackN,1,1400,100,303,304,3,0.0,0.0,0.0,0.0,20,0,50,0.0,0.0,0.0,0.0,20,0,50,1.0,1000.0,200.0,60000.0,0.125,0.25,4.0,140000,140000,SUCCESS,true,8e6c7049a65aeff8211b2bbd78db47683a1b86f75565ad3362fb6e53a0a4cbbf,8e6c7049a65aeff8211b2bbd78db47683a1b86f75565ad3362fb6e53a0a4cbbf,3.98,100,0,40.0,40.0,40.0,40.0,2.0000000000000003e-06,200.0,0,0,100,100,100,100,0,0,0,0,0,100,0,0,0,0,100,100,0,0,0,0,100,35175.87939698492,0.0
window_goodput_GoBackN_w1_s404_t4,GoBackN,1,1400,100,404,405,4,0.0,0.0,0.0,0.0,20,0,50,0.0,0.0,0.0,0.0,20,0,50,1.0,1000.0,200.0,60000.0,0.125,0.25,4.0,140000,140000,SUCCESS,true,8e6c7049a65aeff8211b2bbd78db47683a1b86f75565ad3362fb6e53a0a4cbbf,8e6c7049a65aeff8211b2bbd78db47683a1b86f75565ad3362fb6e53a0a4cbbf,3.98,100,0,40.0,40.0,40.0,40.0,2.0000000000000003e-06,200.0,0,0,100,100,100,100,0,0,0,0,0,100,0,0,0,0,100,100,0,0,0,0,100,35175.87939698492,0.0
window_goodput_GoBackN_w1_s505_t5,GoBackN,1,1400,100,505,506,5,0.0,0.0,0.0,0.0,20,0,50,0.0,0.0,0.0,0.0,20,0,50,1.0,1000.0,200.0,60000.0,0.125,0.25,4.0,140000,140000,SUCCESS,true,8e6c7049a65aeff8211b2bbd78db47683a1b86f75565ad3362fb6e53a0a4cbbf,8e6c7049a65aeff8211b2bbd78db47683a1b86f75565ad3362fb6e53a0a4cbbf,3.98,100,0,40.0,40.0,40.0,40.0,2.0000000000000003e-06,200.0,0,0,100,100,100,100,0,0,0,0,0,100,0,0,0,0,100,100,0,0,0,0,100,35175.87939698492,0.0
window_goodput_GoBackN_w2_s101_t1,GoBackN,2,1400,100,101,102,1,0.0,0.0,0.0,0.0,20,0,50,0.0,0.0,0.0,0.0,20,0,50,1.0,1000.0,200.0,60000.0,0.125,0.25,4.0,140000,140000,SUCCESS,true,8e6c7049a65aeff8211b2bbd78db47683a1b86f75565ad3362fb6e53a0a4cbbf,8e6c7049a65aeff8211b2bbd78db47683a1b86f75565ad3362fb6e53a0a4cbbf,1.98,100,0,40.0,40.0,40.0,40.0,2.0000000000000003e-06,200.0,0,0,100,100,100,100,0,0,0,0,0,100,0,0,0,0,100,100,0,0,0,0,100,70707.07070707071,0.0
window_goodput_GoBackN_w2_s202_t2,GoBackN,2,1400,100,202,203,2,0.0,0.0,0.0,0.0,20,0,50,0.0,0.0,0.0,0.0,20,0,50,1.0,1000.0,200.0,60000.0,0.125,0.25,4.0,140000,140000,SUCCESS,true,8e6c7049a65aeff8211b2bbd78db47683a1b86f75565ad3362fb6e53a0a4cbbf,8e6c7049a65aeff8211b2bbd78db47683a1b86f75565ad3362fb6e53a0a4cbbf,1.98,100,0,40.0,40.0,40.0,40.0,2.0000000000000003e-06,200.0,0,0,100,100,100,100,0,0,0,0,0,100,0,0,0,0,100,100,0,0,0,0,100,70707.07070707071,0.0
window_goodput_GoBackN_w2_s303_t3,GoBackN,2,1400,100,303,304,3,0.0,0.0,0.0,0.0,20,0,50,0.0,0.0,0.0,0.0,20,0,50,1.0,1000.0,200.0,60000.0,0.125,0.25,4.0,140000,140000,SUCCESS,true,8e6c7049a65aeff8211b2bbd78db47683a1b86f75565ad3362fb6e53a0a4cbbf,8e6c7049a65aeff8211b2bbd78db47683a1b86f75565ad3362fb6e53a0a4cbbf,1.98,100,0,40.0,40.0,40.0,40.0,2.0000000000000003e-06,200.0,0,0,100,100,100,100,0,0,0,0,0,100,0,0,0,0,100,100,0,0,0,0,100,70707.07070707071,0.0
window_goodput_GoBackN_w2_s404_t4,GoBackN,2,1400,100,404,405,4,0.0,0.0,0.0,0.0,20,0,50,0.0,0.0,0.0,0.0,20,0,50,1.0,1000.0,200.0,60000.0,0.125,0.25,4.0,140000,140000,SUCCESS,true,8e6c7049a65aeff8211b2bbd78db47683a1b86f75565ad3362fb6e53a0a4cbbf,8e6c7049a65aeff8211b2bbd78db47683a1b86f75565ad3362fb6e53a0a4cbbf,1.98,100,0,40.0,40.0,40.0,40.0,2.0000000000000003e-06,200.0,0,0,100,100,100,100,0,0,0,0,0,100,0,0,0,0,100,100,0,0,0,0,100,70707.07070707071,0.0
window_goodput_GoBackN_w2_s505_t5,GoBackN,2,1400,100,505,506,5,0.0,0.0,0.0,0.0,20,0,50,0.0,0.0,0.0,0.0,20,0,50,1.0,1000.0,200.0,60000.0,0.125,0.25,4.0,140000,140000,SUCCESS,true,8e6c7049a65aeff8211b2bbd78db47683a1b86f75565ad3362fb6e53a0a4cbbf,8e6c7049a65aeff8211b2bbd78db47683a1b86f75565ad3362fb6e53a0a4cbbf,1.98,100,0,40.0,40.0,40.0,40.0,2.0000000000000003e-06,200.0,0,0,100,100,100,100,0,0,0,0,0,100,0,0,0,0,100,100,0,0,0,0,100,70707.07070707071,0.0
window_goodput_GoBackN_w4_s101_t1,GoBackN,4,1400,100,101,102,1,0.0,0.0,0.0,0.0,20,0,50,0.0,0.0,0.0,0.0,20,0,50,1.0,1000.0,200.0,60000.0,0.125,0.25,4.0,140000,140000,SUCCESS,true,8e6c7049a65aeff8211b2bbd78db47683a1b86f75565ad3362fb6e53a0a4cbbf,8e6c7049a65aeff8211b2bbd78db47683a1b86f75565ad3362fb6e53a0a4cbbf,0.98,100,0,40.0,40.0,40.0,40.0,2.0000000000000003e-06,200.0,0,0,100,100,100,100,0,0,0,0,0,100,0,0,0,0,100,100,0,0,0,0,100,142857.14285714287,0.0
window_goodput_GoBackN_w4_s202_t2,GoBackN,4,1400,100,202,203,2,0.0,0.0,0.0,0.0,20,0,50,0.0,0.0,0.0,0.0,20,0,50,1.0,1000.0,200.0,60000.0,0.125,0.25,4.0,140000,140000,SUCCESS,true,8e6c7049a65aeff8211b2bbd78db47683a1b86f75565ad3362fb6e53a0a4cbbf,8e6c7049a65aeff8211b2bbd78db47683a1b86f75565ad3362fb6e53a0a4cbbf,0.98,100,0,40.0,40.0,40.0,40.0,2.0000000000000003e-06,200.0,0,0,100,100,100,100,0,0,0,0,0,100,0,0,0,0,100,100,0,0,0,0,100,142857.14285714287,0.0
window_goodput_GoBackN_w4_s303_t3,GoBackN,4,1400,100,303,304,3,0.0,0.0,0.0,0.0,20,0,50,0.0,0.0,0.0,0.0,20,0,50,1.0,1000.0,200.0,60000.0,0.125,0.25,4.0,140000,140000,SUCCESS,true,8e6c7049a65aeff8211b2bbd78db47683a1b86f75565ad3362fb6e53a0a4cbbf,8e6c7049a65aeff8211b2bbd78db47683a1b86f75565ad3362fb6e53a0a4cbbf,0.98,100,0,40.0,40.0,40.0,40.0,2.0000000000000003e-06,200.0,0,0,100,100,100,100,0,0,0,0,0,100,0,0,0,0,100,100,0,0,0,0,100,142857.14285714287,0.0
window_goodput_GoBackN_w4_s404_t4,GoBackN,4,1400,100,404,405,4,0.0,0.0,0.0,0.0,20,0,50,0.0,0.0,0.0,0.0,20,0,50,1.0,1000.0,200.0,60000.0,0.125,0.25,4.0,140000,140000,SUCCESS,true,8e6c7049a65aeff8211b2bbd78db47683a1b86f75565ad3362fb6e53a0a4cbbf,8e6c7049a65aeff8211b2bbd78db47683a1b86f75565ad3362fb6e53a0a4cbbf,0.98,100,0,40.0,40.0,40.0,40.0,2.0000000000000003e-06,200.0,0,0,100,100,100,100,0,0,0,0,0,100,0,0,0,0,100,100,0,0,0,0,100,142857.14285714287,0.0
window_goodput_GoBackN_w4_s505_t5,GoBackN,4,1400,100,505,506,5,0.0,0.0,0.0,0.0,20,0,50,0.0,0.0,0.0,0.0,20,0,50,1.0,1000.0,200.0,60000.0,0.125,0.25,4.0,140000,140000,SUCCESS,true,8e6c7049a65aeff8211b2bbd78db47683a1b86f75565ad3362fb6e53a0a4cbbf,8e6c7049a65aeff8211b2bbd78db47683a1b86f75565ad3362fb6e53a0a4cbbf,0.98,100,0,40.0,40.0,40.0,40.0,2.0000000000000003e-06,200.0,0,0,100,100,100,100,0,0,0,0,0,100,0,0,0,0,100,100,0,0,0,0,100,142857.14285714287,0.0
window_goodput_GoBackN_w8_s101_t1,GoBackN,8,1400,100,101,102,1,0.0,0.0,0.0,0.0,20,0,50,0.0,0.0,0.0,0.0,20,0,50,1.0,1000.0,200.0,60000.0,0.125,0.25,4.0,140000,140000,SUCCESS,true,8e6c7049a65aeff8211b2bbd78db47683a1b86f75565ad3362fb6e53a0a4cbbf,8e6c7049a65aeff8211b2bbd78db47683a1b86f75565ad3362fb6e53a0a4cbbf,0.5,100,0,40.0,40.0,40.0,40.0,2.0000000000000003e-06,200.0,0,0,100,100,100,100,0,0,0,0,0,100,0,0,0,0,100,100,0,0,0,0,100,280000.0,0.0
window_goodput_GoBackN_w8_s202_t2,GoBackN,8,1400,100,202,203,2,0.0,0.0,0.0,0.0,20,0,50,0.0,0.0,0.0,0.0,20,0,50,1.0,1000.0,200.0,60000.0,0.125,0.25,4.0,140000,140000,SUCCESS,true,8e6c7049a65aeff8211b2bbd78db47683a1b86f75565ad3362fb6e53a0a4cbbf,8e6c7049a65aeff8211b2bbd78db47683a1b86f75565ad3362fb6e53a0a4cbbf,0.5,100,0,40.0,40.0,40.0,40.0,2.0000000000000003e-06,200.0,0,0,100,100,100,100,0,0,0,0,0,100,0,0,0,0,100,100,0,0,0,0,100,280000.0,0.0
window_goodput_GoBackN_w8_s303_t3,GoBackN,8,1400,100,303,304,3,0.0,0.0,0.0,0.0,20,0,50,0.0,0.0,0.0,0.0,20,0,50,1.0,1000.0,200.0,60000.0,0.125,0.25,4.0,140000,140000,SUCCESS,true,8e6c7049a65aeff8211b2bbd78db47683a1b86f75565ad3362fb6e53a0a4cbbf,8e6c7049a65aeff8211b2bbd78db47683a1b86f75565ad3362fb6e53a0a4cbbf,0.5,100,0,40.0,40.0,40.0,40.0,2.0000000000000003e-06,200.0,0,0,100,100,100,100,0,0,0,0,0,100,0,0,0,0,100,100,0,0,0,0,100,280000.0,0.0
window_goodput_GoBackN_w8_s404_t4,GoBackN,8,1400,100,404,405,4,0.0,0.0,0.0,0.0,20,0,50,0.0,0.0,0.0,0.0,20,0,50,1.0,1000.0,200.0,60000.0,0.125,0.25,4.0,140000,140000,SUCCESS,true,8e6c7049a65aeff8211b2bbd78db47683a1b86f75565ad3362fb6e53a0a4cbbf,8e6c7049a65aeff8211b2bbd78db47683a1b86f75565ad3362fb6e53a0a4cbbf,0.5,100,0,40.0,40.0,40.0,40.0,2.0000000000000003e-06,200.0,0,0,100,100,100,100,0,0,0,0,0,100,0,0,0,0,100,100,0,0,0,0,100,280000.0,0.0
window_goodput_GoBackN_w8_s505_t5,GoBackN,8,1400,100,505,506,5,0.0,0.0,0.0,0.0,20,0,50,0.0,0.0,0.0,0.0,20,0,50,1.0,1000.0,200.0,60000.0,0.125,0.25,4.0,140000,140000,SUCCESS,true,8e6c7049a65aeff8211b2bbd78db47683a1b86f75565ad3362fb6e53a0a4cbbf,8e6c7049a65aeff8211b2bbd78db47683a1b86f75565ad3362fb6e53a0a4cbbf,0.5,100,0,40.0,40.0,40.0,40.0,2.0000000000000003e-06,200.0,0,0,100,100,100,100,0,0,0,0,0,100,0,0,0,0,100,100,0,0,0,0,100,280000.0,0.0
window_goodput_GoBackN_w16_s101_t1,GoBackN,16,1400,100,101,102,1,0.0,0.0,0.0,0.0,20,0,50,0.0,0.0,0.0,0.0,20,0,50,1.0,1000.0,200.0,60000.0,0.125,0.25,4.0,140000,140000,SUCCESS,true,8e6c7049a65aeff8211b2bbd78db47683a1b86f75565ad3362fb6e53a0a4cbbf,8e6c7049a65aeff8211b2bbd78db47683a1b86f75565ad3362fb6e53a0a4cbbf,0.26,100,0,40.0,40.0,40.0,40.0,2.0000000000000003e-06,200.0,0,0,100,100,100,100,0,0,0,0,0,100,0,0,0,0,100,100,0,0,0,0,100,538461.5384615385,0.0
window_goodput_GoBackN_w16_s202_t2,GoBackN,16,1400,100,202,203,2,0.0,0.0,0.0,0.0,20,0,50,0.0,0.0,0.0,0.0,20,0,50,1.0,1000.0,200.0,60000.0,0.125,0.25,4.0,140000,140000,SUCCESS,true,8e6c7049a65aeff8211b2bbd78db47683a1b86f75565ad3362fb6e53a0a4cbbf,8e6c7049a65aeff8211b2bbd78db47683a1b86f75565ad3362fb6e53a0a4cbbf,0.26,100,0,40.0,40.0,40.0,40.0,2.0000000000000003e-06,200.0,0,0,100,100,100,100,0,0,0,0,0,100,0,0,0,0,100,100,0,0,0,0,100,538461.5384615385,0.0
window_goodput_GoBackN_w16_s303_t3,GoBackN,16,1400,100,303,304,3,0.0,0.0,0.0,0.0,20,0,50,0.0,0.0,0.0,0.0,20,0,50,1.0,1000.0,200.0,60000.0,0.125,0.25,4.0,140000,140000,SUCCESS,true,8e6c7049a65aeff8211b2bbd78db47683a1b86f75565ad3362fb6e53a0a4cbbf,8e6c7049a65aeff8211b2bbd78db47683a1b86f75565ad3362fb6e53a0a4cbbf,0.26,100,0,40.0,40.0,40.0,40.0,2.0000000000000003e-06,200.0,0,0,100,100,100,100,0,0,0,0,0,100,0,0,0,0,100,100,0,0,0,0,100,538461.5384615385,0.0
window_goodput_GoBackN_w16_s404_t4,GoBackN,16,1400,100,404,405,4,0.0,0.0,0.0,0.0,20,0,50,0.0,0.0,0.0,0.0,20,0,50,1.0,1000.0,200.0,60000.0,0.125,0.25,4.0,140000,140000,SUCCESS,true,8e6c7049a65aeff8211b2bbd78db47683a1b86f75565ad3362fb6e53a0a4cbbf,8e6c7049a65aeff8211b2bbd78db47683a1b86f75565ad3362fb6e53a0a4cbbf,0.26,100,0,40.0,40.0,40.0,40.0,2.0000000000000003e-06,200.0,0,0,100,100,100,100,0,0,0,0,0,100,0,0,0,0,100,100,0,0,0,0,100,538461.5384615385,0.0
window_goodput_GoBackN_w16_s505_t5,GoBackN,16,1400,100,505,506,5,0.0,0.0,0.0,0.0,20,0,50,0.0,0.0,0.0,0.0,20,0,50,1.0,1000.0,200.0,60000.0,0.125,0.25,4.0,140000,140000,SUCCESS,true,8e6c7049a65aeff8211b2bbd78db47683a1b86f75565ad3362fb6e53a0a4cbbf,8e6c7049a65aeff8211b2bbd78db47683a1b86f75565ad3362fb6e53a0a4cbbf,0.26,100,0,40.0,40.0,40.0,40.0,2.0000000000000003e-06,200.0,0,0,100,100,100,100,0,0,0,0,0,100,0,0,0,0,100,100,0,0,0,0,100,538461.5384615385,0.0
window_goodput_GoBackN_w32_s101_t1,GoBackN,32,1400,100,101,102,1,0.0,0.0,0.0,0.0,20,0,50,0.0,0.0,0.0,0.0,20,0,50,1.0,1000.0,200.0,60000.0,0.125,0.25,4.0,140000,140000,SUCCESS,true,8e6c7049a65aeff8211b2bbd78db47683a1b86f75565ad3362fb6e53a0a4cbbf,8e6c7049a65aeff8211b2bbd78db47683a1b86f75565ad3362fb6e53a0a4cbbf,0.14,100,0,40.0,40.0,40.0,40.0,2.0000000000000003e-06,200.0,0,0,100,100,100,100,0,0,0,0,0,100,0,0,0,0,100,100,0,0,0,0,100,999999.9999999999,0.0
window_goodput_GoBackN_w32_s202_t2,GoBackN,32,1400,100,202,203,2,0.0,0.0,0.0,0.0,20,0,50,0.0,0.0,0.0,0.0,20,0,50,1.0,1000.0,200.0,60000.0,0.125,0.25,4.0,140000,140000,SUCCESS,true,8e6c7049a65aeff8211b2bbd78db47683a1b86f75565ad3362fb6e53a0a4cbbf,8e6c7049a65aeff8211b2bbd78db47683a1b86f75565ad3362fb6e53a0a4cbbf,0.14,100,0,40.0,40.0,40.0,40.0,2.0000000000000003e-06,200.0,0,0,100,100,100,100,0,0,0,0,0,100,0,0,0,0,100,100,0,0,0,0,100,999999.9999999999,0.0
window_goodput_GoBackN_w32_s303_t3,GoBackN,32,1400,100,303,304,3,0.0,0.0,0.0,0.0,20,0,50,0.0,0.0,0.0,0.0,20,0,50,1.0,1000.0,200.0,60000.0,0.125,0.25,4.0,140000,140000,SUCCESS,true,8e6c7049a65aeff8211b2bbd78db47683a1b86f75565ad3362fb6e53a0a4cbbf,8e6c7049a65aeff8211b2bbd78db47683a1b86f75565ad3362fb6e53a0a4cbbf,0.14,100,0,40.0,40.0,40.0,40.0,2.0000000000000003e-06,200.0,0,0,100,100,100,100,0,0,0,0,0,100,0,0,0,0,100,100,0,0,0,0,100,999999.9999999999,0.0
window_goodput_GoBackN_w32_s404_t4,GoBackN,32,1400,100,404,405,4,0.0,0.0,0.0,0.0,20,0,50,0.0,0.0,0.0,0.0,20,0,50,1.0,1000.0,200.0,60000.0,0.125,0.25,4.0,140000,140000,SUCCESS,true,8e6c7049a65aeff8211b2bbd78db47683a1b86f75565ad3362fb6e53a0a4cbbf,8e6c7049a65aeff8211b2bbd78db47683a1b86f75565ad3362fb6e53a0a4cbbf,0.14,100,0,40.0,40.0,40.0,40.0,2.0000000000000003e-06,200.0,0,0,100,100,100,100,0,0,0,0,0,100,0,0,0,0,100,100,0,0,0,0,100,999999.9999999999,0.0
window_goodput_GoBackN_w32_s505_t5,GoBackN,32,1400,100,505,506,5,0.0,0.0,0.0,0.0,20,0,50,0.0,0.0,0.0,0.0,20,0,50,1.0,1000.0,200.0,60000.0,0.125,0.25,4.0,140000,140000,SUCCESS,true,8e6c7049a65aeff8211b2bbd78db47683a1b86f75565ad3362fb6e53a0a4cbbf,8e6c7049a65aeff8211b2bbd78db47683a1b86f75565ad3362fb6e53a0a4cbbf,0.14,100,0,40.0,40.0,40.0,40.0,2.0000000000000003e-06,200.0,0,0,100,100,100,100,0,0,0,0,0,100,0,0,0,0,100,100,0,0,0,0,100,999999.9999999999,0.0
window_goodput_SelectiveRepeat_w1_s101_t1,SelectiveRepeat,1,1400,100,101,102,1,0.0,0.0,0.0,0.0,20,0,50,0.0,0.0,0.0,0.0,20,0,50,1.0,1000.0,200.0,60000.0,0.125,0.25,4.0,140000,140000,SUCCESS,true,8e6c7049a65aeff8211b2bbd78db47683a1b86f75565ad3362fb6e53a0a4cbbf,8e6c7049a65aeff8211b2bbd78db47683a1b86f75565ad3362fb6e53a0a4cbbf,3.98,100,0,40.0,40.0,40.0,40.0,2.0000000000000003e-06,200.0,0,0,100,100,100,100,0,0,0,0,0,100,0,0,0,0,100,100,0,0,0,0,100,35175.87939698492,0.0
window_goodput_SelectiveRepeat_w1_s202_t2,SelectiveRepeat,1,1400,100,202,203,2,0.0,0.0,0.0,0.0,20,0,50,0.0,0.0,0.0,0.0,20,0,50,1.0,1000.0,200.0,60000.0,0.125,0.25,4.0,140000,140000,SUCCESS,true,8e6c7049a65aeff8211b2bbd78db47683a1b86f75565ad3362fb6e53a0a4cbbf,8e6c7049a65aeff8211b2bbd78db47683a1b86f75565ad3362fb6e53a0a4cbbf,3.98,100,0,40.0,40.0,40.0,40.0,2.0000000000000003e-06,200.0,0,0,100,100,100,100,0,0,0,0,0,100,0,0,0,0,100,100,0,0,0,0,100,35175.87939698492,0.0
window_goodput_SelectiveRepeat_w1_s303_t3,SelectiveRepeat,1,1400,100,303,304,3,0.0,0.0,0.0,0.0,20,0,50,0.0,0.0,0.0,0.0,20,0,50,1.0,1000.0,200.0,60000.0,0.125,0.25,4.0,140000,140000,SUCCESS,true,8e6c7049a65aeff8211b2bbd78db47683a1b86f75565ad3362fb6e53a0a4cbbf,8e6c7049a65aeff8211b2bbd78db47683a1b86f75565ad3362fb6e53a0a4cbbf,3.98,100,0,40.0,40.0,40.0,40.0,2.0000000000000003e-06,200.0,0,0,100,100,100,100,0,0,0,0,0,100,0,0,0,0,100,100,0,0,0,0,100,35175.87939698492,0.0
window_goodput_SelectiveRepeat_w1_s404_t4,SelectiveRepeat,1,1400,100,404,405,4,0.0,0.0,0.0,0.0,20,0,50,0.0,0.0,0.0,0.0,20,0,50,1.0,1000.0,200.0,60000.0,0.125,0.25,4.0,140000,140000,SUCCESS,true,8e6c7049a65aeff8211b2bbd78db47683a1b86f75565ad3362fb6e53a0a4cbbf,8e6c7049a65aeff8211b2bbd78db47683a1b86f75565ad3362fb6e53a0a4cbbf,3.98,100,0,40.0,40.0,40.0,40.0,2.0000000000000003e-06,200.0,0,0,100,100,100,100,0,0,0,0,0,100,0,0,0,0,100,100,0,0,0,0,100,35175.87939698492,0.0
window_goodput_SelectiveRepeat_w1_s505_t5,SelectiveRepeat,1,1400,100,505,506,5,0.0,0.0,0.0,0.0,20,0,50,0.0,0.0,0.0,0.0,20,0,50,1.0,1000.0,200.0,60000.0,0.125,0.25,4.0,140000,140000,SUCCESS,true,8e6c7049a65aeff8211b2bbd78db47683a1b86f75565ad3362fb6e53a0a4cbbf,8e6c7049a65aeff8211b2bbd78db47683a1b86f75565ad3362fb6e53a0a4cbbf,3.98,100,0,40.0,40.0,40.0,40.0,2.0000000000000003e-06,200.0,0,0,100,100,100,100,0,0,0,0,0,100,0,0,0,0,100,100,0,0,0,0,100,35175.87939698492,0.0
window_goodput_SelectiveRepeat_w2_s101_t1,SelectiveRepeat,2,1400,100,101,102,1,0.0,0.0,0.0,0.0,20,0,50,0.0,0.0,0.0,0.0,20,0,50,1.0,1000.0,200.0,60000.0,0.125,0.25,4.0,140000,140000,SUCCESS,true,8e6c7049a65aeff8211b2bbd78db47683a1b86f75565ad3362fb6e53a0a4cbbf,8e6c7049a65aeff8211b2bbd78db47683a1b86f75565ad3362fb6e53a0a4cbbf,1.98,100,0,40.0,40.0,40.0,40.0,2.0000000000000003e-06,200.0,0,0,100,100,100,100,0,0,0,0,0,100,0,0,0,0,100,100,0,0,0,0,100,70707.07070707071,0.0
window_goodput_SelectiveRepeat_w2_s202_t2,SelectiveRepeat,2,1400,100,202,203,2,0.0,0.0,0.0,0.0,20,0,50,0.0,0.0,0.0,0.0,20,0,50,1.0,1000.0,200.0,60000.0,0.125,0.25,4.0,140000,140000,SUCCESS,true,8e6c7049a65aeff8211b2bbd78db47683a1b86f75565ad3362fb6e53a0a4cbbf,8e6c7049a65aeff8211b2bbd78db47683a1b86f75565ad3362fb6e53a0a4cbbf,1.98,100,0,40.0,40.0,40.0,40.0,2.0000000000000003e-06,200.0,0,0,100,100,100,100,0,0,0,0,0,100,0,0,0,0,100,100,0,0,0,0,100,70707.07070707071,0.0
window_goodput_SelectiveRepeat_w2_s303_t3,SelectiveRepeat,2,1400,100,303,304,3,0.0,0.0,0.0,0.0,20,0,50,0.0,0.0,0.0,0.0,20,0,50,1.0,1000.0,200.0,60000.0,0.125,0.25,4.0,140000,140000,SUCCESS,true,8e6c7049a65aeff8211b2bbd78db47683a1b86f75565ad3362fb6e53a0a4cbbf,8e6c7049a65aeff8211b2bbd78db47683a1b86f75565ad3362fb6e53a0a4cbbf,1.98,100,0,40.0,40.0,40.0,40.0,2.0000000000000003e-06,200.0,0,0,100,100,100,100,0,0,0,0,0,100,0,0,0,0,100,100,0,0,0,0,100,70707.07070707071,0.0
window_goodput_SelectiveRepeat_w2_s404_t4,SelectiveRepeat,2,1400,100,404,405,4,0.0,0.0,0.0,0.0,20,0,50,0.0,0.0,0.0,0.0,20,0,50,1.0,1000.0,200.0,60000.0,0.125,0.25,4.0,140000,140000,SUCCESS,true,8e6c7049a65aeff8211b2bbd78db47683a1b86f75565ad3362fb6e53a0a4cbbf,8e6c7049a65aeff8211b2bbd78db47683a1b86f75565ad3362fb6e53a0a4cbbf,1.98,100,0,40.0,40.0,40.0,40.0,2.0000000000000003e-06,200.0,0,0,100,100,100,100,0,0,0,0,0,100,0,0,0,0,100,100,0,0,0,0,100,70707.07070707071,0.0
window_goodput_SelectiveRepeat_w2_s505_t5,SelectiveRepeat,2,1400,100,505,506,5,0.0,0.0,0.0,0.0,20,0,50,0.0,0.0,0.0,0.0,20,0,50,1.0,1000.0,200.0,60000.0,0.125,0.25,4.0,140000,140000,SUCCESS,true,8e6c7049a65aeff8211b2bbd78db47683a1b86f75565ad3362fb6e53a0a4cbbf,8e6c7049a65aeff8211b2bbd78db47683a1b86f75565ad3362fb6e53a0a4cbbf,1.98,100,0,40.0,40.0,40.0,40.0,2.0000000000000003e-06,200.0,0,0,100,100,100,100,0,0,0,0,0,100,0,0,0,0,100,100,0,0,0,0,100,70707.07070707071,0.0
window_goodput_SelectiveRepeat_w4_s101_t1,SelectiveRepeat,4,1400,100,101,102,1,0.0,0.0,0.0,0.0,20,0,50,0.0,0.0,0.0,0.0,20,0,50,1.0,1000.0,200.0,60000.0,0.125,0.25,4.0,140000,140000,SUCCESS,true,8e6c7049a65aeff8211b2bbd78db47683a1b86f75565ad3362fb6e53a0a4cbbf,8e6c7049a65aeff8211b2bbd78db47683a1b86f75565ad3362fb6e53a0a4cbbf,0.98,100,0,40.0,40.0,40.0,40.0,2.0000000000000003e-06,200.0,0,0,100,100,100,100,0,0,0,0,0,100,0,0,0,0,100,100,0,0,0,0,100,142857.14285714287,0.0
window_goodput_SelectiveRepeat_w4_s202_t2,SelectiveRepeat,4,1400,100,202,203,2,0.0,0.0,0.0,0.0,20,0,50,0.0,0.0,0.0,0.0,20,0,50,1.0,1000.0,200.0,60000.0,0.125,0.25,4.0,140000,140000,SUCCESS,true,8e6c7049a65aeff8211b2bbd78db47683a1b86f75565ad3362fb6e53a0a4cbbf,8e6c7049a65aeff8211b2bbd78db47683a1b86f75565ad3362fb6e53a0a4cbbf,0.98,100,0,40.0,40.0,40.0,40.0,2.0000000000000003e-06,200.0,0,0,100,100,100,100,0,0,0,0,0,100,0,0,0,0,100,100,0,0,0,0,100,142857.14285714287,0.0
window_goodput_SelectiveRepeat_w4_s303_t3,SelectiveRepeat,4,1400,100,303,304,3,0.0,0.0,0.0,0.0,20,0,50,0.0,0.0,0.0,0.0,20,0,50,1.0,1000.0,200.0,60000.0,0.125,0.25,4.0,140000,140000,SUCCESS,true,8e6c7049a65aeff8211b2bbd78db47683a1b86f75565ad3362fb6e53a0a4cbbf,8e6c7049a65aeff8211b2bbd78db47683a1b86f75565ad3362fb6e53a0a4cbbf,0.98,100,0,40.0,40.0,40.0,40.0,2.0000000000000003e-06,200.0,0,0,100,100,100,100,0,0,0,0,0,100,0,0,0,0,100,100,0,0,0,0,100,142857.14285714287,0.0
window_goodput_SelectiveRepeat_w4_s404_t4,SelectiveRepeat,4,1400,100,404,405,4,0.0,0.0,0.0,0.0,20,0,50,0.0,0.0,0.0,0.0,20,0,50,1.0,1000.0,200.0,60000.0,0.125,0.25,4.0,140000,140000,SUCCESS,true,8e6c7049a65aeff8211b2bbd78db47683a1b86f75565ad3362fb6e53a0a4cbbf,8e6c7049a65aeff8211b2bbd78db47683a1b86f75565ad3362fb6e53a0a4cbbf,0.98,100,0,40.0,40.0,40.0,40.0,2.0000000000000003e-06,200.0,0,0,100,100,100,100,0,0,0,0,0,100,0,0,0,0,100,100,0,0,0,0,100,142857.14285714287,0.0
window_goodput_SelectiveRepeat_w4_s505_t5,SelectiveRepeat,4,1400,100,505,506,5,0.0,0.0,0.0,0.0,20,0,50,0.0,0.0,0.0,0.0,20,0,50,1.0,1000.0,200.0,60000.0,0.125,0.25,4.0,140000,140000,SUCCESS,true,8e6c7049a65aeff8211b2bbd78db47683a1b86f75565ad3362fb6e53a0a4cbbf,8e6c7049a65aeff8211b2bbd78db47683a1b86f75565ad3362fb6e53a0a4cbbf,0.98,100,0,40.0,40.0,40.0,40.0,2.0000000000000003e-06,200.0,0,0,100,100,100,100,0,0,0,0,0,100,0,0,0,0,100,100,0,0,0,0,100,142857.14285714287,0.0
window_goodput_SelectiveRepeat_w8_s101_t1,SelectiveRepeat,8,1400,100,101,102,1,0.0,0.0,0.0,0.0,20,0,50,0.0,0.0,0.0,0.0,20,0,50,1.0,1000.0,200.0,60000.0,0.125,0.25,4.0,140000,140000,SUCCESS,true,8e6c7049a65aeff8211b2bbd78db47683a1b86f75565ad3362fb6e53a0a4cbbf,8e6c7049a65aeff8211b2bbd78db47683a1b86f75565ad3362fb6e53a0a4cbbf,0.5,100,0,40.0,40.0,40.0,40.0,2.0000000000000003e-06,200.0,0,0,100,100,100,100,0,0,0,0,0,100,0,0,0,0,100,100,0,0,0,0,100,280000.0,0.0
window_goodput_SelectiveRepeat_w8_s202_t2,SelectiveRepeat,8,1400,100,202,203,2,0.0,0.0,0.0,0.0,20,0,50,0.0,0.0,0.0,0.0,20,0,50,1.0,1000.0,200.0,60000.0,0.125,0.25,4.0,140000,140000,SUCCESS,true,8e6c7049a65aeff8211b2bbd78db47683a1b86f75565ad3362fb6e53a0a4cbbf,8e6c7049a65aeff8211b2bbd78db47683a1b86f75565ad3362fb6e53a0a4cbbf,0.5,100,0,40.0,40.0,40.0,40.0,2.0000000000000003e-06,200.0,0,0,100,100,100,100,0,0,0,0,0,100,0,0,0,0,100,100,0,0,0,0,100,280000.0,0.0
window_goodput_SelectiveRepeat_w8_s303_t3,SelectiveRepeat,8,1400,100,303,304,3,0.0,0.0,0.0,0.0,20,0,50,0.0,0.0,0.0,0.0,20,0,50,1.0,1000.0,200.0,60000.0,0.125,0.25,4.0,140000,140000,SUCCESS,true,8e6c7049a65aeff8211b2bbd78db47683a1b86f75565ad3362fb6e53a0a4cbbf,8e6c7049a65aeff8211b2bbd78db47683a1b86f75565ad3362fb6e53a0a4cbbf,0.5,100,0,40.0,40.0,40.0,40.0,2.0000000000000003e-06,200.0,0,0,100,100,100,100,0,0,0,0,0,100,0,0,0,0,100,100,0,0,0,0,100,280000.0,0.0
window_goodput_SelectiveRepeat_w8_s404_t4,SelectiveRepeat,8,1400,100,404,405,4,0.0,0.0,0.0,0.0,20,0,50,0.0,0.0,0.0,0.0,20,0,50,1.0,1000.0,200.0,60000.0,0.125,0.25,4.0,140000,140000,SUCCESS,true,8e6c7049a65aeff8211b2bbd78db47683a1b86f75565ad3362fb6e53a0a4cbbf,8e6c7049a65aeff8211b2bbd78db47683a1b86f75565ad3362fb6e53a0a4cbbf,0.5,100,0,40.0,40.0,40.0,40.0,2.0000000000000003e-06,200.0,0,0,100,100,100,100,0,0,0,0,0,100,0,0,0,0,100,100,0,0,0,0,100,280000.0,0.0
window_goodput_SelectiveRepeat_w8_s505_t5,SelectiveRepeat,8,1400,100,505,506,5,0.0,0.0,0.0,0.0,20,0,50,0.0,0.0,0.0,0.0,20,0,50,1.0,1000.0,200.0,60000.0,0.125,0.25,4.0,140000,140000,SUCCESS,true,8e6c7049a65aeff8211b2bbd78db47683a1b86f75565ad3362fb6e53a0a4cbbf,8e6c7049a65aeff8211b2bbd78db47683a1b86f75565ad3362fb6e53a0a4cbbf,0.5,100,0,40.0,40.0,40.0,40.0,2.0000000000000003e-06,200.0,0,0,100,100,100,100,0,0,0,0,0,100,0,0,0,0,100,100,0,0,0,0,100,280000.0,0.0
window_goodput_SelectiveRepeat_w16_s101_t1,SelectiveRepeat,16,1400,100,101,102,1,0.0,0.0,0.0,0.0,20,0,50,0.0,0.0,0.0,0.0,20,0,50,1.0,1000.0,200.0,60000.0,0.125,0.25,4.0,140000,140000,SUCCESS,true,8e6c7049a65aeff8211b2bbd78db47683a1b86f75565ad3362fb6e53a0a4cbbf,8e6c7049a65aeff8211b2bbd78db47683a1b86f75565ad3362fb6e53a0a4cbbf,0.26,100,0,40.0,40.0,40.0,40.0,2.0000000000000003e-06,200.0,0,0,100,100,100,100,0,0,0,0,0,100,0,0,0,0,100,100,0,0,0,0,100,538461.5384615385,0.0
window_goodput_SelectiveRepeat_w16_s202_t2,SelectiveRepeat,16,1400,100,202,203,2,0.0,0.0,0.0,0.0,20,0,50,0.0,0.0,0.0,0.0,20,0,50,1.0,1000.0,200.0,60000.0,0.125,0.25,4.0,140000,140000,SUCCESS,true,8e6c7049a65aeff8211b2bbd78db47683a1b86f75565ad3362fb6e53a0a4cbbf,8e6c7049a65aeff8211b2bbd78db47683a1b86f75565ad3362fb6e53a0a4cbbf,0.26,100,0,40.0,40.0,40.0,40.0,2.0000000000000003e-06,200.0,0,0,100,100,100,100,0,0,0,0,0,100,0,0,0,0,100,100,0,0,0,0,100,538461.5384615385,0.0
window_goodput_SelectiveRepeat_w16_s303_t3,SelectiveRepeat,16,1400,100,303,304,3,0.0,0.0,0.0,0.0,20,0,50,0.0,0.0,0.0,0.0,20,0,50,1.0,1000.0,200.0,60000.0,0.125,0.25,4.0,140000,140000,SUCCESS,true,8e6c7049a65aeff8211b2bbd78db47683a1b86f75565ad3362fb6e53a0a4cbbf,8e6c7049a65aeff8211b2bbd78db47683a1b86f75565ad3362fb6e53a0a4cbbf,0.26,100,0,40.0,40.0,40.0,40.0,2.0000000000000003e-06,200.0,0,0,100,100,100,100,0,0,0,0,0,100,0,0,0,0,100,100,0,0,0,0,100,538461.5384615385,0.0
window_goodput_SelectiveRepeat_w16_s404_t4,SelectiveRepeat,16,1400,100,404,405,4,0.0,0.0,0.0,0.0,20,0,50,0.0,0.0,0.0,0.0,20,0,50,1.0,1000.0,200.0,60000.0,0.125,0.25,4.0,140000,140000,SUCCESS,true,8e6c7049a65aeff8211b2bbd78db47683a1b86f75565ad3362fb6e53a0a4cbbf,8e6c7049a65aeff8211b2bbd78db47683a1b86f75565ad3362fb6e53a0a4cbbf,0.26,100,0,40.0,40.0,40.0,40.0,2.0000000000000003e-06,200.0,0,0,100,100,100,100,0,0,0,0,0,100,0,0,0,0,100,100,0,0,0,0,100,538461.5384615385,0.0
window_goodput_SelectiveRepeat_w16_s505_t5,SelectiveRepeat,16,1400,100,505,506,5,0.0,0.0,0.0,0.0,20,0,50,0.0,0.0,0.0,0.0,20,0,50,1.0,1000.0,200.0,60000.0,0.125,0.25,4.0,140000,140000,SUCCESS,true,8e6c7049a65aeff8211b2bbd78db47683a1b86f75565ad3362fb6e53a0a4cbbf,8e6c7049a65aeff8211b2bbd78db47683a1b86f75565ad3362fb6e53a0a4cbbf,0.26,100,0,40.0,40.0,40.0,40.0,2.0000000000000003e-06,200.0,0,0,100,100,100,100,0,0,0,0,0,100,0,0,0,0,100,100,0,0,0,0,100,538461.5384615385,0.0
window_goodput_SelectiveRepeat_w32_s101_t1,SelectiveRepeat,32,1400,100,101,102,1,0.0,0.0,0.0,0.0,20,0,50,0.0,0.0,0.0,0.0,20,0,50,1.0,1000.0,200.0,60000.0,0.125,0.25,4.0,140000,140000,SUCCESS,true,8e6c7049a65aeff8211b2bbd78db47683a1b86f75565ad3362fb6e53a0a4cbbf,8e6c7049a65aeff8211b2bbd78db47683a1b86f75565ad3362fb6e53a0a4cbbf,0.14,100,0,40.0,40.0,40.0,40.0,2.0000000000000003e-06,200.0,0,0,100,100,100,100,0,0,0,0,0,100,0,0,0,0,100,100,0,0,0,0,100,999999.9999999999,0.0
window_goodput_SelectiveRepeat_w32_s202_t2,SelectiveRepeat,32,1400,100,202,203,2,0.0,0.0,0.0,0.0,20,0,50,0.0,0.0,0.0,0.0,20,0,50,1.0,1000.0,200.0,60000.0,0.125,0.25,4.0,140000,140000,SUCCESS,true,8e6c7049a65aeff8211b2bbd78db47683a1b86f75565ad3362fb6e53a0a4cbbf,8e6c7049a65aeff8211b2bbd78db47683a1b86f75565ad3362fb6e53a0a4cbbf,0.14,100,0,40.0,40.0,40.0,40.0,2.0000000000000003e-06,200.0,0,0,100,100,100,100,0,0,0,0,0,100,0,0,0,0,100,100,0,0,0,0,100,999999.9999999999,0.0
window_goodput_SelectiveRepeat_w32_s303_t3,SelectiveRepeat,32,1400,100,303,304,3,0.0,0.0,0.0,0.0,20,0,50,0.0,0.0,0.0,0.0,20,0,50,1.0,1000.0,200.0,60000.0,0.125,0.25,4.0,140000,140000,SUCCESS,true,8e6c7049a65aeff8211b2bbd78db47683a1b86f75565ad3362fb6e53a0a4cbbf,8e6c7049a65aeff8211b2bbd78db47683a1b86f75565ad3362fb6e53a0a4cbbf,0.14,100,0,40.0,40.0,40.0,40.0,2.0000000000000003e-06,200.0,0,0,100,100,100,100,0,0,0,0,0,100,0,0,0,0,100,100,0,0,0,0,100,999999.9999999999,0.0
window_goodput_SelectiveRepeat_w32_s404_t4,SelectiveRepeat,32,1400,100,404,405,4,0.0,0.0,0.0,0.0,20,0,50,0.0,0.0,0.0,0.0,20,0,50,1.0,1000.0,200.0,60000.0,0.125,0.25,4.0,140000,140000,SUCCESS,true,8e6c7049a65aeff8211b2bbd78db47683a1b86f75565ad3362fb6e53a0a4cbbf,8e6c7049a65aeff8211b2bbd78db47683a1b86f75565ad3362fb6e53a0a4cbbf,0.14,100,0,40.0,40.0,40.0,40.0,2.0000000000000003e-06,200.0,0,0,100,100,100,100,0,0,0,0,0,100,0,0,0,0,100,100,0,0,0,0,100,999999.9999999999,0.0
window_goodput_SelectiveRepeat_w32_s505_t5,SelectiveRepeat,32,1400,100,505,506,5,0.0,0.0,0.0,0.0,20,0,50,0.0,0.0,0.0,0.0,20,0,50,1.0,1000.0,200.0,60000.0,0.125,0.25,4.0,140000,140000,SUCCESS,true,8e6c7049a65aeff8211b2bbd78db47683a1b86f75565ad3362fb6e53a0a4cbbf,8e6c7049a65aeff8211b2bbd78db47683a1b86f75565ad3362fb6e53a0a4cbbf,0.14,100,0,40.0,40.0,40.0,40.0,2.0000000000000003e-06,200.0,0,0,100,100,100,100,0,0,0,0,0,100,0,0,0,0,100,100,0,0,0,0,100,999999.9999999999,0.0
