comparison,window_size,metric,n,mean_difference,std_difference,sem_difference,ci95_low,ci95_high,t_statistic,exploratory_p
GoBackN - SelectiveRepeat,1,goodput_bytes_sec,5,0.0,0.0,0.0,0.0,0.0,,
GoBackN - SelectiveRepeat,1,data_retransmissions,5,0.0,0.0,0.0,0.0,0.0,,
GoBackN - SelectiveRepeat,1,duration_secs,5,0.0,0.0,0.0,0.0,0.0,,
GoBackN - SelectiveRepeat,2,goodput_bytes_sec,5,0.0,0.0,0.0,0.0,0.0,,
GoBackN - SelectiveRepeat,2,data_retransmissions,5,0.0,0.0,0.0,0.0,0.0,,
GoBackN - SelectiveRepeat,2,duration_secs,5,0.0,0.0,0.0,0.0,0.0,,
GoBackN - SelectiveRepeat,4,goodput_bytes_sec,5,0.0,0.0,0.0,0.0,0.0,,
GoBackN - SelectiveRepeat,4,data_retransmissions,5,0.0,0.0,0.0,0.0,0.0,,
GoBackN - SelectiveRepeat,4,duration_secs,5,0.0,0.0,0.0,0.0,0.0,,
GoBackN - SelectiveRepeat,8,goodput_bytes_sec,5,0.0,0.0,0.0,0.0,0.0,,
GoBackN - SelectiveRepeat,8,data_retransmissions,5,0.0,0.0,0.0,0.0,0.0,,
GoBackN - SelectiveRepeat,8,duration_secs,5,0.0,0.0,0.0,0.0,0.0,,
GoBackN - SelectiveRepeat,16,goodput_bytes_sec,5,0.0,0.0,0.0,0.0,0.0,,
GoBackN - SelectiveRepeat,16,data_retransmissions,5,0.0,0.0,0.0,0.0,0.0,,
GoBackN - SelectiveRepeat,16,duration_secs,5,0.0,0.0,0.0,0.0,0.0,,
GoBackN - SelectiveRepeat,32,goodput_bytes_sec,5,0.0,0.0,0.0,0.0,0.0,,
GoBackN - SelectiveRepeat,32,data_retransmissions,5,0.0,0.0,0.0,0.0,0.0,,
GoBackN - SelectiveRepeat,32,duration_secs,5,0.0,0.0,0.0,0.0,0.0,,
