experiment_id,protocol,seed,window_size,field,new_value,primary_value,match
window_goodput_StopAndWait_w1_s101_t1,StopAndWait,101,1,app.transfer_status,SUCCESS,SUCCESS,True
window_goodput_StopAndWait_w1_s101_t1,StopAndWait,101,1,app.sha256_match,True,True,True
window_goodput_StopAndWait_w1_s101_t1,StopAndWait,101,1,app.delivered_sha256,8e6c7049a65aeff8211b2bbd78db47683a1b86f75565ad3362fb6e53a0a4cbbf,8e6c7049a65aeff8211b2bbd78db47683a1b86f75565ad3362fb6e53a0a4cbbf,True
window_goodput_StopAndWait_w1_s101_t1,StopAndWait,101,1,protocol.data_retransmissions,0,0,True
window_goodput_StopAndWait_w1_s101_t1,StopAndWait,101,1,protocol.premature_retransmissions,0,0,True
window_goodput_StopAndWait_w1_s101_t1,StopAndWait,101,1,timing.timeout_count,0,0,True
window_goodput_StopAndWait_w1_s101_t1,StopAndWait,101,1,timing.duration_secs,3.98,3.98,True
window_goodput_StopAndWait_w1_s101_t1,StopAndWait,101,1,goodput_bytes_sec,35175.87939698492,35175.87939698492,True
window_goodput_StopAndWait_w1_s202_t2,StopAndWait,202,1,app.transfer_status,SUCCESS,SUCCESS,True
window_goodput_StopAndWait_w1_s202_t2,StopAndWait,202,1,app.sha256_match,True,True,True
window_goodput_StopAndWait_w1_s202_t2,StopAndWait,202,1,app.delivered_sha256,8e6c7049a65aeff8211b2bbd78db47683a1b86f75565ad3362fb6e53a0a4cbbf,8e6c7049a65aeff8211b2bbd78db47683a1b86f75565ad3362fb6e53a0a4cbbf,True
window_goodput_StopAndWait_w1_s202_t2,StopAndWait,202,1,protocol.data_retransmissions,0,0,True
window_goodput_StopAndWait_w1_s202_t2,StopAndWait,202,1,protocol.premature_retransmissions,0,0,True
window_goodput_StopAndWait_w1_s202_t2,StopAndWait,202,1,timing.timeout_count,0,0,True
window_goodput_StopAndWait_w1_s202_t2,StopAndWait,202,1,timing.duration_secs,3.98,3.98,True
window_goodput_StopAndWait_w1_s202_t2,StopAndWait,202,1,goodput_bytes_sec,35175.87939698492,35175.87939698492,True
window_goodput_StopAndWait_w1_s303_t3,StopAndWait,303,1,app.transfer_status,SUCCESS,SUCCESS,True
window_goodput_StopAndWait_w1_s303_t3,StopAndWait,303,1,app.sha256_match,True,True,True
window_goodput_StopAndWait_w1_s303_t3,StopAndWait,303,1,app.delivered_sha256,8e6c7049a65aeff8211b2bbd78db47683a1b86f75565ad3362fb6e53a0a4cbbf,8e6c7049a65aeff8211b2bbd78db47683a1b86f75565ad3362fb6e53a0a4cbbf,True
window_goodput_StopAndWait_w1_s303_t3,StopAndWait,303,1,protocol.data_retransmissions,0,0,True
window_goodput_StopAndWait_w1_s303_t3,StopAndWait,303,1,protocol.premature_retransmissions,0,0,True
window_goodput_StopAndWait_w1_s303_t3,StopAndWait,303,1,timing.timeout_count,0,0,True
window_goodput_StopAndWait_w1_s303_t3,StopAndWait,303,1,timing.duration_secs,3.98,3.98,True
window_goodput_StopAndWait_w1_s303_t3,StopAndWait,303,1,goodput_bytes_sec,35175.87939698492,35175.87939698492,True
window_goodput_StopAndWait_w1_s404_t4,StopAndWait,404,1,app.transfer_status,SUCCESS,SUCCESS,True
window_goodput_StopAndWait_w1_s404_t4,StopAndWait,404,1,app.sha256_match,True,True,True
window_goodput_StopAndWait_w1_s404_t4,StopAndWait,404,1,app.delivered_sha256,8e6c7049a65aeff8211b2bbd78db47683a1b86f75565ad3362fb6e53a0a4cbbf,8e6c7049a65aeff8211b2bbd78db47683a1b86f75565ad3362fb6e53a0a4cbbf,True
window_goodput_StopAndWait_w1_s404_t4,StopAndWait,404,1,protocol.data_retransmissions,0,0,True
window_goodput_StopAndWait_w1_s404_t4,StopAndWait,404,1,protocol.premature_retransmissions,0,0,True
window_goodput_StopAndWait_w1_s404_t4,StopAndWait,404,1,timing.timeout_count,0,0,True
window_goodput_StopAndWait_w1_s404_t4,StopAndWait,404,1,timing.duration_secs,3.98,3.98,True
window_goodput_StopAndWait_w1_s404_t4,StopAndWait,404,1,goodput_bytes_sec,35175.87939698492,35175.87939698492,True
window_goodput_StopAndWait_w1_s505_t5,StopAndWait,505,1,app.transfer_status,SUCCESS,SUCCESS,True
window_goodput_StopAndWait_w1_s505_t5,StopAndWait,505,1,app.sha256_match,True,True,True
window_goodput_StopAndWait_w1_s505_t5,StopAndWait,505,1,app.delivered_sha256,8e6c7049a65aeff8211b2bbd78db47683a1b86f75565ad3362fb6e53a0a4cbbf,8e6c7049a65aeff8211b2bbd78db47683a1b86f75565ad3362fb6e53a0a4cbbf,True
window_goodput_StopAndWait_w1_s505_t5,StopAndWait,505,1,protocol.data_retransmissions,0,0,True
window_goodput_StopAndWait_w1_s505_t5,StopAndWait,505,1,protocol.premature_retransmissions,0,0,True
window_goodput_StopAndWait_w1_s505_t5,StopAndWait,505,1,timing.timeout_count,0,0,True
window_goodput_StopAndWait_w1_s505_t5,StopAndWait,505,1,timing.duration_secs,3.98,3.98,True
window_goodput_StopAndWait_w1_s505_t5,StopAndWait,505,1,goodput_bytes_sec,35175.87939698492,35175.87939698492,True
window_goodput_GoBackN_w8_s101_t1,GoBackN,101,8,app.transfer_status,SUCCESS,SUCCESS,True
window_goodput_GoBackN_w8_s101_t1,GoBackN,101,8,app.sha256_match,True,True,True
window_goodput_GoBackN_w8_s101_t1,GoBackN,101,8,app.delivered_sha256,8e6c7049a65aeff8211b2bbd78db47683a1b86f75565ad3362fb6e53a0a4cbbf,8e6c7049a65aeff8211b2bbd78db47683a1b86f75565ad3362fb6e53a0a4cbbf,True
window_goodput_GoBackN_w8_s101_t1,GoBackN,101,8,protocol.data_retransmissions,0,0,True
window_goodput_GoBackN_w8_s101_t1,GoBackN,101,8,protocol.premature_retransmissions,0,0,True
window_goodput_GoBackN_w8_s101_t1,GoBackN,101,8,timing.timeout_count,0,0,True
window_goodput_GoBackN_w8_s101_t1,GoBackN,101,8,timing.duration_secs,0.5,0.5,True
window_goodput_GoBackN_w8_s101_t1,GoBackN,101,8,goodput_bytes_sec,280000.0,280000.0,True
window_goodput_GoBackN_w8_s202_t2,GoBackN,202,8,app.transfer_status,SUCCESS,SUCCESS,True
window_goodput_GoBackN_w8_s202_t2,GoBackN,202,8,app.sha256_match,True,True,True
window_goodput_GoBackN_w8_s202_t2,GoBackN,202,8,app.delivered_sha256,8e6c7049a65aeff8211b2bbd78db47683a1b86f75565ad3362fb6e53a0a4cbbf,8e6c7049a65aeff8211b2bbd78db47683a1b86f75565ad3362fb6e53a0a4cbbf,True
window_goodput_GoBackN_w8_s202_t2,GoBackN,202,8,protocol.data_retransmissions,0,0,True
window_goodput_GoBackN_w8_s202_t2,GoBackN,202,8,protocol.premature_retransmissions,0,0,True
window_goodput_GoBackN_w8_s202_t2,GoBackN,202,8,timing.timeout_count,0,0,True
window_goodput_GoBackN_w8_s202_t2,GoBackN,202,8,timing.duration_secs,0.5,0.5,True
window_goodput_GoBackN_w8_s202_t2,GoBackN,202,8,goodput_bytes_sec,280000.0,280000.0,True
window_goodput_GoBackN_w8_s303_t3,GoBackN,303,8,app.transfer_status,SUCCESS,SUCCESS,True
window_goodput_GoBackN_w8_s303_t3,GoBackN,303,8,app.sha256_match,True,True,True
window_goodput_GoBackN_w8_s303_t3,GoBackN,303,8,app.delivered_sha256,8e6c7049a65aeff8211b2bbd78db47683a1b86f75565ad3362fb6e53a0a4cbbf,8e6c7049a65aeff8211b2bbd78db47683a1b86f75565ad3362fb6e53a0a4cbbf,True
window_goodput_GoBackN_w8_s303_t3,GoBackN,303,8,protocol.data_retransmissions,0,0,True
window_goodput_GoBackN_w8_s303_t3,GoBackN,303,8,protocol.premature_retransmissions,0,0,True
window_goodput_GoBackN_w8_s303_t3,GoBackN,303,8,timing.timeout_count,0,0,True
window_goodput_GoBackN_w8_s303_t3,GoBackN,303,8,timing.duration_secs,0.5,0.5,True
window_goodput_GoBackN_w8_s303_t3,GoBackN,303,8,goodput_bytes_sec,280000.0,280000.0,True
window_goodput_GoBackN_w8_s404_t4,GoBackN,404,8,app.transfer_status,SUCCESS,SUCCESS,True
window_goodput_GoBackN_w8_s404_t4,GoBackN,404,8,app.sha256_match,True,True,True
window_goodput_GoBackN_w8_s404_t4,GoBackN,404,8,app.delivered_sha256,8e6c7049a65aeff8211b2bbd78db47683a1b86f75565ad3362fb6e53a0a4cbbf,8e6c7049a65aeff8211b2bbd78db47683a1b86f75565ad3362fb6e53a0a4cbbf,True
window_goodput_GoBackN_w8_s404_t4,GoBackN,404,8,protocol.data_retransmissions,0,0,True
window_goodput_GoBackN_w8_s404_t4,GoBackN,404,8,protocol.premature_retransmissions,0,0,True
window_goodput_GoBackN_w8_s404_t4,GoBackN,404,8,timing.timeout_count,0,0,True
window_goodput_GoBackN_w8_s404_t4,GoBackN,404,8,timing.duration_secs,0.5,0.5,True
window_goodput_GoBackN_w8_s404_t4,GoBackN,404,8,goodput_bytes_sec,280000.0,280000.0,True
window_goodput_GoBackN_w8_s505_t5,GoBackN,505,8,app.transfer_status,SUCCESS,SUCCESS,True
window_goodput_GoBackN_w8_s505_t5,GoBackN,505,8,app.sha256_match,True,True,True
window_goodput_GoBackN_w8_s505_t5,GoBackN,505,8,app.delivered_sha256,8e6c7049a65aeff8211b2bbd78db47683a1b86f75565ad3362fb6e53a0a4cbbf,8e6c7049a65aeff8211b2bbd78db47683a1b86f75565ad3362fb6e53a0a4cbbf,True
window_goodput_GoBackN_w8_s505_t5,GoBackN,505,8,protocol.data_retransmissions,0,0,True
window_goodput_GoBackN_w8_s505_t5,GoBackN,505,8,protocol.premature_retransmissions,0,0,True
window_goodput_GoBackN_w8_s505_t5,GoBackN,505,8,timing.timeout_count,0,0,True
window_goodput_GoBackN_w8_s505_t5,GoBackN,505,8,timing.duration_secs,0.5,0.5,True
window_goodput_GoBackN_w8_s505_t5,GoBackN,505,8,goodput_bytes_sec,280000.0,280000.0,True
window_goodput_SelectiveRepeat_w8_s101_t1,SelectiveRepeat,101,8,app.transfer_status,SUCCESS,SUCCESS,True
window_goodput_SelectiveRepeat_w8_s101_t1,SelectiveRepeat,101,8,app.sha256_match,True,True,True
window_goodput_SelectiveRepeat_w8_s101_t1,SelectiveRepeat,101,8,app.delivered_sha256,8e6c7049a65aeff8211b2bbd78db47683a1b86f75565ad3362fb6e53a0a4cbbf,8e6c7049a65aeff8211b2bbd78db47683a1b86f75565ad3362fb6e53a0a4cbbf,True
window_goodput_SelectiveRepeat_w8_s101_t1,SelectiveRepeat,101,8,protocol.data_retransmissions,0,0,True
window_goodput_SelectiveRepeat_w8_s101_t1,SelectiveRepeat,101,8,protocol.premature_retransmissions,0,0,True
window_goodput_SelectiveRepeat_w8_s101_t1,SelectiveRepeat,101,8,timing.timeout_count,0,0,True
window_goodput_SelectiveRepeat_w8_s101_t1,SelectiveRepeat,101,8,timing.duration_secs,0.5,0.5,True
window_goodput_SelectiveRepeat_w8_s101_t1,SelectiveRepeat,101,8,goodput_bytes_sec,280000.0,280000.0,True
window_goodput_SelectiveRepeat_w8_s202_t2,SelectiveRepeat,202,8,app.transfer_status,SUCCESS,SUCCESS,True
window_goodput_SelectiveRepeat_w8_s202_t2,SelectiveRepeat,202,8,app.sha256_match,True,True,True
window_goodput_SelectiveRepeat_w8_s202_t2,SelectiveRepeat,202,8,app.delivered_sha256,8e6c7049a65aeff8211b2bbd78db47683a1b86f75565ad3362fb6e53a0a4cbbf,8e6c7049a65aeff8211b2bbd78db47683a1b86f75565ad3362fb6e53a0a4cbbf,True
window_goodput_SelectiveRepeat_w8_s202_t2,SelectiveRepeat,202,8,protocol.data_retransmissions,0,0,True
window_goodput_SelectiveRepeat_w8_s202_t2,SelectiveRepeat,202,8,protocol.premature_retransmissions,0,0,True
window_goodput_SelectiveRepeat_w8_s202_t2,SelectiveRepeat,202,8,timing.timeout_count,0,0,True
window_goodput_SelectiveRepeat_w8_s202_t2,SelectiveRepeat,202,8,timing.duration_secs,0.5,0.5,True
window_goodput_SelectiveRepeat_w8_s202_t2,SelectiveRepeat,202,8,goodput_bytes_sec,280000.0,280000.0,True
window_goodput_SelectiveRepeat_w8_s303_t3,SelectiveRepeat,303,8,app.transfer_status,SUCCESS,SUCCESS,True
window_goodput_SelectiveRepeat_w8_s303_t3,SelectiveRepeat,303,8,app.sha256_match,True,True,True
window_goodput_SelectiveRepeat_w8_s303_t3,SelectiveRepeat,303,8,app.delivered_sha256,8e6c7049a65aeff8211b2bbd78db47683a1b86f75565ad3362fb6e53a0a4cbbf,8e6c7049a65aeff8211b2bbd78db47683a1b86f75565ad3362fb6e53a0a4cbbf,True
window_goodput_SelectiveRepeat_w8_s303_t3,SelectiveRepeat,303,8,protocol.data_retransmissions,0,0,True
window_goodput_SelectiveRepeat_w8_s303_t3,SelectiveRepeat,303,8,protocol.premature_retransmissions,0,0,True
window_goodput_SelectiveRepeat_w8_s303_t3,SelectiveRepeat,303,8,timing.timeout_count,0,0,True
window_goodput_SelectiveRepeat_w8_s303_t3,SelectiveRepeat,303,8,timing.duration_secs,0.5,0.5,True
window_goodput_SelectiveRepeat_w8_s303_t3,SelectiveRepeat,303,8,goodput_bytes_sec,280000.0,280000.0,True
window_goodput_SelectiveRepeat_w8_s404_t4,SelectiveRepeat,404,8,app.transfer_status,SUCCESS,SUCCESS,True
window_goodput_SelectiveRepeat_w8_s404_t4,SelectiveRepeat,404,8,app.sha256_match,True,True,True
window_goodput_SelectiveRepeat_w8_s404_t4,SelectiveRepeat,404,8,app.delivered_sha256,8e6c7049a65aeff8211b2bbd78db47683a1b86f75565ad3362fb6e53a0a4cbbf,8e6c7049a65aeff8211b2bbd78db47683a1b86f75565ad3362fb6e53a0a4cbbf,True
window_goodput_SelectiveRepeat_w8_s404_t4,SelectiveRepeat,404,8,protocol.data_retransmissions,0,0,True
window_goodput_SelectiveRepeat_w8_s404_t4,SelectiveRepeat,404,8,protocol.premature_retransmissions,0,0,True
window_goodput_SelectiveRepeat_w8_s404_t4,SelectiveRepeat,404,8,timing.timeout_count,0,0,True
window_goodput_SelectiveRepeat_w8_s404_t4,SelectiveRepeat,404,8,timing.duration_secs,0.5,0.5,True
window_goodput_SelectiveRepeat_w8_s404_t4,SelectiveRepeat,404,8,goodput_bytes_sec,280000.0,280000.0,True
window_goodput_SelectiveRepeat_w8_s505_t5,SelectiveRepeat,505,8,app.transfer_status,SUCCESS,SUCCESS,True
window_goodput_SelectiveRepeat_w8_s505_t5,SelectiveRepeat,505,8,app.sha256_match,True,True,True
window_goodput_SelectiveRepeat_w8_s505_t5,SelectiveRepeat,505,8,app.delivered_sha256,8e6c7049a65aeff8211b2bbd78db47683a1b86f75565ad3362fb6e53a0a4cbbf,8e6c7049a65aeff8211b2bbd78db47683a1b86f75565ad3362fb6e53a0a4cbbf,True
window_goodput_SelectiveRepeat_w8_s505_t5,SelectiveRepeat,505,8,protocol.data_retransmissions,0,0,True
window_goodput_SelectiveRepeat_w8_s505_t5,SelectiveRepeat,505,8,protocol.premature_retransmissions,0,0,True
window_goodput_SelectiveRepeat_w8_s505_t5,SelectiveRepeat,505,8,timing.timeout_count,0,0,True
window_goodput_SelectiveRepeat_w8_s505_t5,SelectiveRepeat,505,8,timing.duration_secs,0.5,0.5,True
window_goodput_SelectiveRepeat_w8_s505_t5,SelectiveRepeat,505,8,goodput_bytes_sec,280000.0,280000.0,True
