protocol,window_size,metric,n,mean,std,sem,ci95_low,ci95_high
StopAndWait,1,goodput_bytes_sec,5,35175.87939698492,0.0,0.0,35175.87939698492,35175.87939698492
StopAndWait,1,data_retransmissions,5,0.0,0.0,0.0,0.0,0.0
StopAndWait,1,duration_secs,5,3.9799999999999995,4.965068306494546e-16,2.220446049250313e-16,3.979999999999999,3.98
GoBackN,1,goodput_bytes_sec,5,35175.87939698492,0.0,0.0,35175.87939698492,35175.87939698492
GoBackN,1,data_retransmissions,5,0.0,0.0,0.0,0.0,0.0
GoBackN,1,duration_secs,5,3.9799999999999995,4.965068306494546e-16,2.220446049250313e-16,3.979999999999999,3.98
GoBackN,2,goodput_bytes_sec,5,70707.07070707071,0.0,0.0,70707.07070707071,70707.07070707071
GoBackN,2,data_retransmissions,5,0.0,0.0,0.0,0.0,0.0
GoBackN,2,duration_secs,5,1.98,0.0,0.0,1.98,1.98
GoBackN,4,goodput_bytes_sec,5,142857.14285714287,0.0,0.0,142857.14285714287,142857.14285714287
GoBackN,4,data_retransmissions,5,0.0,0.0,0.0,0.0,0.0
GoBackN,4,duration_secs,5,0.9800000000000001,1.2412670766236366e-16,5.551115123125783e-17,0.98,0.9800000000000002
GoBackN,8,goodput_bytes_sec,5,280000.0,0.0,0.0,280000.0,280000.0
GoBackN,8,data_retransmissions,5,0.0,0.0,0.0,0.0,0.0
GoBackN,8,duration_secs,5,0.5,0.0,0.0,0.5,0.5
GoBackN,16,goodput_bytes_sec,5,538461.5384615385,0.0,0.0,538461.5384615385,538461.5384615385
GoBackN,16,data_retransmissions,5,0.0,0.0,0.0,0.0,0.0
GoBackN,16,duration_secs,5,0.26,0.0,0.0,0.26,0.26
GoBackN,32,goodput_bytes_sec,5,999999.9999999998,1.3015628661377063e-10,5.820766091346741e-11,999999.9999999997,999999.9999999999
GoBackN,32,data_retransmissions,5,0.0,0.0,0.0,0.0,0.0
GoBackN,32,duration_secs,5,0.14,0.0,0.0,0.14,0.14
SelectiveRepeat,1,goodput_bytes_sec,5,35175.87939698492,0.0,0.0,35175.87939698492,35175.87939698492
SelectiveRepeat,1,data_retransmissions,5,0.0,0.0,0.0,0.0,0.0
SelectiveRepeat,1,duration_secs,5,3.9799999999999995,4.965068306494546e-16,2.220446049250313e-16,3.979999999999999,3.98
SelectiveRepeat,2,goodput_bytes_sec,5,70707.07070707071,0.0,0.0,70707.07070707071,70707.07070707071
SelectiveRepeat,2,data_retransmissions,5,0.0,0.0,0.0,0.0,0.0
SelectiveRepeat,2,duration_secs,5,1.98,0.0,0.0,1.98,1.98
SelectiveRepeat,4,goodput_bytes_sec,5,142857.14285714287,0.0,0.0,142857.14285714287,142857.14285714287
SelectiveRepeat,4,data_retransmissions,5,0.0,0.0,0.0,0.0,0.0
SelectiveRepeat,4,duration_secs,5,0.9800000000000001,1.2412670766236366e-16,5.551115123125783e-17,0.98,0.9800000000000002
SelectiveRepeat,8,goodput_bytes_sec,5,280000.0,0.0,0.0,280000.0,280000.0
SelectiveRepeat,8,data_retransmissions,5,0.0,0.0,0.0,0.0,0.0
SelectiveRepeat,8,duration_secs,5,0.5,0.0,0.0,0.5,0.5
SelectiveRepeat,16,goodput_bytes_sec,5,538461.5384615385,0.0,0.0,538461.5384615385,538461.5384615385
SelectiveRepeat,16,data_retransmissions,5,0.0,0.0,0.0,0.0,0.0
SelectiveRepeat,16,duration_secs,5,0.26,0.0,0.0,0.26,0.26
SelectiveRepeat,32,goodput_bytes_sec,5,999999.9999999998,1.3015628661377063e-10,5.820766091346741e-11,999999.9999999997,999999.9999999999
SelectiveRepeat,32,data_retransmissions,5,0.0,0.0,0.0,0.0,0.0
SelectiveRepeat,32,duration_secs,5,0.14,0.0,0.0,0.14,0.14
