protocol,comparison,metric,n,mean_difference,std_difference,sem_difference,ci95_low,ci95_high,t_statistic,exploratory_p
StopAndWait,0.50 - 1.00,premature_retransmissions,5,45.0,1.0,0.4472135954999579,43.75833600179624,46.24166399820376,100.623,5.84891e-08
StopAndWait,0.50 - 1.00,duration_secs,5,-0.05903175999999988,0.1893258483370211,0.08466909335587894,-0.294110849809465,0.17604732980946527,-0.697206,0.524072
StopAndWait,0.50 - 1.00,data_retransmissions,5,45.2,2.9495762407505253,1.3190905958272918,41.537617371902876,48.86238262809713,34.266,4.32747e-06
StopAndWait,3.00 - 1.00,premature_retransmissions,5,0.0,0.0,0.0,0.0,0.0,,
StopAndWait,3.00 - 1.00,duration_secs,5,0.4790177080000001,0.44902820381080677,0.20081151750711881,-0.07852444684998117,1.0365598628499813,2.38541,0.0755436
StopAndWait,3.00 - 1.00,data_retransmissions,5,0.0,0.0,0.0,0.0,0.0,,
GoBackN,0.50 - 1.00,premature_retransmissions,5,27.2,6.058052492344384,2.7092434368288134,19.67793432102739,34.722065678972605,10.0397,0.000553447
GoBackN,0.50 - 1.00,duration_secs,5,-0.0717020322,0.06460664831252913,0.02889297148504744,-0.15192178145427943,0.008517717054279408,-2.48164,0.0680911
GoBackN,0.50 - 1.00,data_retransmissions,5,25.6,14.656056768449009,6.554387843269575,7.402101954986261,43.79789804501374,3.90578,0.0174559
GoBackN,3.00 - 1.00,premature_retransmissions,5,0.0,0.0,0.0,0.0,0.0,,
GoBackN,3.00 - 1.00,duration_secs,5,0.48617466679999993,0.22996540846152413,0.10284365715869466,0.20063489828110204,0.7717144353188978,4.72732,0.00912213
GoBackN,3.00 - 1.00,data_retransmissions,5,0.0,0.0,0.0,0.0,0.0,,
SelectiveRepeat,0.50 - 1.00,premature_retransmissions,5,40.4,2.5099800796022267,1.1224972160321824,37.28344809894929,43.516551901050704,35.9912,3.55742e-06
SelectiveRepeat,0.50 - 1.00,duration_secs,5,5.526432428400001,3.6850111259406013,1.6479870750892445,0.9508867803392382,10.101978076460764,3.35344,0.0284776
SelectiveRepeat,0.50 - 1.00,data_retransmissions,5,41.0,2.9154759474226504,1.3038404810405297,37.37995847845628,44.62004152154372,31.4456,6.09525e-06
SelectiveRepeat,3.00 - 1.00,premature_retransmissions,5,0.0,0.0,0.0,0.0,0.0,,
SelectiveRepeat,3.00 - 1.00,duration_secs,5,0.7705706012,1.0209817507346264,0.45659691968587407,-0.4971456815102355,2.0382868839102355,1.68764,0.166754
SelectiveRepeat,3.00 - 1.00,data_retransmissions,5,0.0,0.0,0.0,0.0,0.0,,
