protocol,rto_multiplier,metric,n,mean,std,sem,ci95_low,ci95_high
StopAndWait,0.50,premature_retransmissions,5,45.0,1.0,0.4472135954999579,43.75833600179624,46.24166399820376
StopAndWait,0.50,data_retransmissions,5,49.8,1.0954451150103321,0.48989794855663554,48.43982523868348,51.16017476131651
StopAndWait,0.50,timeout_retransmissions,5,49.8,1.0954451150103321,0.48989794855663554,48.43982523868348,51.16017476131651
StopAndWait,0.50,timeout_count,5,49.8,1.0954451150103321,0.48989794855663554,48.43982523868348,51.16017476131651
StopAndWait,0.50,duration_secs,5,4.160477094,0.07989611024685041,0.035730626729955,4.061272970309967,4.259681217690033
StopAndWait,0.50,goodput_bytes_sec,5,33659.86581536429,643.0461605393144,287.57898552723,32861.41854863946,34458.31308208912
StopAndWait,0.50,final_rto_ms,5,24.6,9.167878707749137,4.1,13.216575068689046,35.98342493131096
StopAndWait,0.50,final_srtt_ms,5,40.0,0.0,0.0,40.0,40.0
StopAndWait,0.50,final_rttvar_ms,5,1.26e-05,2.1908902300206638e-06,9.79795897113271e-07,9.879650477366977e-06,1.5320349522633024e-05
StopAndWait,1.00,premature_retransmissions,5,0.0,0.0,0.0,0.0,0.0
StopAndWait,1.00,data_retransmissions,5,4.6,3.361547262794322,1.5033296378372907,0.42608778552788085,8.77391221447212
StopAndWait,1.00,timeout_retransmissions,5,4.6,3.361547262794322,1.5033296378372907,0.42608778552788085,8.77391221447212
StopAndWait,1.00,timeout_count,5,4.6,3.361547262794322,1.5033296378372907,0.42608778552788085,8.77391221447212
StopAndWait,1.00,duration_secs,5,4.219508854,0.22451410190540347,0.10040575875355943,3.940737776575009,4.498279931424991
StopAndWait,1.00,goodput_bytes_sec,5,33250.85328408383,1683.9612688839898,753.0903737402805,31159.939202141053,35341.76736602661
StopAndWait,1.00,final_rto_ms,5,41.0,0.0,0.0,41.0,41.0
StopAndWait,1.00,final_srtt_ms,5,40.0,0.0,0.0,40.0,40.0
StopAndWait,1.00,final_rttvar_ms,5,2.0000000000000003e-06,0.0,0.0,2.0000000000000003e-06,2.0000000000000003e-06
StopAndWait,3.00,premature_retransmissions,5,0.0,0.0,0.0,0.0,0.0
StopAndWait,3.00,data_retransmissions,5,4.6,3.361547262794322,1.5033296378372907,0.42608778552788085,8.77391221447212
StopAndWait,3.00,timeout_retransmissions,5,4.6,3.361547262794322,1.5033296378372907,0.42608778552788085,8.77391221447212
StopAndWait,3.00,timeout_count,5,4.6,3.361547262794322,1.5033296378372907,0.42608778552788085,8.77391221447212
StopAndWait,3.00,duration_secs,5,4.698526562,0.6735423057162102,0.30121727626067824,3.862213329725028,5.534839794274972
StopAndWait,3.00,goodput_bytes_sec,5,30235.54607324241,3845.9554154720026,1719.9635494857687,25460.161695154024,35010.9304513308
StopAndWait,3.00,final_rto_ms,5,123.0,0.0,0.0,123.0,123.0
StopAndWait,3.00,final_srtt_ms,5,40.0,0.0,0.0,40.0,40.0
StopAndWait,3.00,final_rttvar_ms,5,2.0000000000000003e-06,0.0,0.0,2.0000000000000003e-06,2.0000000000000003e-06
GoBackN,0.50,premature_retransmissions,5,27.2,6.058052492344384,2.7092434368288134,19.67793432102739,34.722065678972605
GoBackN,0.50,data_retransmissions,5,52.6,4.722287581247038,2.1118712081942874,46.73650552120082,58.463494478799184
GoBackN,0.50,timeout_retransmissions,5,52.6,4.722287581247038,2.1118712081942874,46.73650552120082,58.463494478799184
GoBackN,0.50,timeout_count,5,7.6,0.5477225575051661,0.24494897427831777,6.919912619341744,8.280087380658255
GoBackN,0.50,duration_secs,5,0.5993853012,0.03735113230831986,0.016703934175598366,0.5530077449206138,0.6457628574793862
GoBackN,0.50,goodput_bytes_sec,5,234327.17344827874,15163.099453733259,6781.144225627499,215499.698755395,253154.6481411625
GoBackN,0.50,final_rto_ms,5,61.5,63.18524353043201,28.257299941784954,-16.954842109474754,139.95484210947475
GoBackN,0.50,final_srtt_ms,5,40.0,0.0,0.0,40.0,40.0
GoBackN,0.50,final_rttvar_ms,5,2.46e-05,2.3870483866063546e-05,1.0675204916066014e-05,-5.039120436194912e-06,5.423912043619492e-05
GoBackN,1.00,premature_retransmissions,5,0.0,0.0,0.0,0.0,0.0
GoBackN,1.00,data_retransmissions,5,27.0,12.36931687685298,5.531726674375732,11.641464551637426,42.358535448362574
GoBackN,1.00,timeout_retransmissions,5,27.0,12.36931687685298,5.531726674375732,11.641464551637426,42.358535448362574
GoBackN,1.00,timeout_count,5,3.8,1.6431676725154984,0.7348469228349535,1.759737858025232,5.840262141974767
GoBackN,1.00,duration_secs,5,0.6710873334,0.06021548492056601,0.026929183516099825,0.5963199336397516,0.7458547331602485
GoBackN,1.00,goodput_bytes_sec,5,209904.5576548244,17959.550787866865,8031.755281406043,187604.83001761805,232204.28529203075
GoBackN,1.00,final_rto_ms,5,82.0,50.214539727055154,22.456624857711812,19.650413834542924,144.34958616545708
GoBackN,1.00,final_srtt_ms,5,40.0,0.0,0.0,40.0,40.0
GoBackN,1.00,final_rttvar_ms,5,2.0000000000000003e-06,0.0,0.0,2.0000000000000003e-06,2.0000000000000003e-06
GoBackN,3.00,premature_retransmissions,5,0.0,0.0,0.0,0.0,0.0
GoBackN,3.00,data_retransmissions,5,27.0,12.36931687685298,5.531726674375732,11.641464551637426,42.358535448362574
GoBackN,3.00,timeout_retransmissions,5,27.0,12.36931687685298,5.531726674375732,11.641464551637426,42.358535448362574
GoBackN,3.00,timeout_count,5,3.8,1.6431676725154984,0.7348469228349535,1.759737858025232,5.840262141974767
GoBackN,3.00,duration_secs,5,1.1572620001999998,0.28838142711688314,0.12896809489635036,0.7991891643983432,1.5153348360016565
GoBackN,3.00,goodput_bytes_sec,5,126581.27401759448,28559.25190877846,12772.085730913852,91120.27910683212,162042.26892835682
GoBackN,3.00,final_rto_ms,5,246.0,150.64361918116546,67.36987457313543,58.95124150362878,433.0487584963712
GoBackN,3.00,final_srtt_ms,5,40.0,0.0,0.0,40.0,40.0
GoBackN,3.00,final_rttvar_ms,5,2.0000000000000003e-06,0.0,0.0,2.0000000000000003e-06,2.0000000000000003e-06
SelectiveRepeat,0.50,premature_retransmissions,5,40.4,2.5099800796022267,1.1224972160321824,37.28344809894929,43.516551901050704
SelectiveRepeat,0.50,data_retransmissions,5,45.6,1.6733200530681511,0.7483314773547882,43.52229873263286,47.67770126736714
SelectiveRepeat,0.50,timeout_retransmissions,5,45.6,1.6733200530681511,0.7483314773547882,43.52229873263286,47.67770126736714
SelectiveRepeat,0.50,timeout_count,5,45.6,1.6733200530681511,0.7483314773547882,43.52229873263286,47.67770126736714
SelectiveRepeat,0.50,duration_secs,5,6.228117729,3.8992228636467634,1.7437854765071112,1.386593078236828,11.069642379763172
SelectiveRepeat,0.50,goodput_bytes_sec,5,56792.19888611454,82725.4298162344,36995.93690739761,-45924.98905263598,159509.38682486507
SelectiveRepeat,0.50,final_rto_ms,5,168.1,273.65772417382993,122.38345476411423,-171.69094393702065,507.89094393702067
SelectiveRepeat,0.50,final_srtt_ms,5,40.0,0.0,0.0,40.0,40.0
SelectiveRepeat,0.50,final_rttvar_ms,5,3.8e-06,2.489979919597747e-06,1.1135528725660045e-06,7.082815775851736e-07,6.8917184224148265e-06
SelectiveRepeat,1.00,premature_retransmissions,5,0.0,0.0,0.0,0.0,0.0
SelectiveRepeat,1.00,data_retransmissions,5,4.6,3.361547262794322,1.5033296378372907,0.42608778552788085,8.77391221447212
SelectiveRepeat,1.00,timeout_retransmissions,5,4.6,3.361547262794322,1.5033296378372907,0.42608778552788085,8.77391221447212
SelectiveRepeat,1.00,timeout_count,5,4.6,3.361547262794322,1.5033296378372907,0.42608778552788085,8.77391221447212
SelectiveRepeat,1.00,duration_secs,5,0.7016853006,0.2841216866352087,0.12706308103964403,0.34890163119612966,1.0544689700038703
SelectiveRepeat,1.00,goodput_bytes_sec,5,218214.1325457603,57905.88984698213,25896.301199093385,146314.4738388097,290113.7912527109
SelectiveRepeat,1.00,final_rto_ms,5,49.2,18.335757415498275,8.2,26.433150137378092,71.96684986262191
SelectiveRepeat,1.00,final_srtt_ms,5,40.0,0.0,0.0,40.0,40.0
SelectiveRepeat,1.00,final_rttvar_ms,5,2.0000000000000003e-06,0.0,0.0,2.0000000000000003e-06,2.0000000000000003e-06
SelectiveRepeat,3.00,premature_retransmissions,5,0.0,0.0,0.0,0.0,0.0
SelectiveRepeat,3.00,data_retransmissions,5,4.6,3.361547262794322,1.5033296378372907,0.42608778552788085,8.77391221447212
SelectiveRepeat,3.00,timeout_retransmissions,5,4.6,3.361547262794322,1.5033296378372907,0.42608778552788085,8.77391221447212
SelectiveRepeat,3.00,timeout_count,5,4.6,3.361547262794322,1.5033296378372907,0.42608778552788085,8.77391221447212
SelectiveRepeat,3.00,duration_secs,5,1.4722559018,1.3027433175606857,0.5826045230598578,-0.14531357451563753,3.0898253781156377
SelectiveRepeat,3.00,goodput_bytes_sec,5,139658.9651910584,69719.04682048867,31179.30560342065,53091.33476497499,226226.5956171418
SelectiveRepeat,3.00,final_rto_ms,5,147.6,55.00727224649483,24.6,79.29945041213425,215.90054958786573
SelectiveRepeat,3.00,final_srtt_ms,5,40.0,0.0,0.0,40.0,40.0
SelectiveRepeat,3.00,final_rttvar_ms,5,2.0000000000000003e-06,0.0,0.0,2.0000000000000003e-06,2.0000000000000003e-06
