experiment_id,protocol,window_size,seed,trial_id,configured_loss_rate,configured_reorder_rate,duration_secs,source_bytes,delivered_bytes,sha256_match,data_sent,data_retransmissions,retransmission_ratio,goodput_bytes_sec,timeout_count,mean_rtt_ms,final_rto_ms,dropped_datagrams,corrupted_datagrams,reordered_datagrams
EXP_St_R0_L0,StopAndWait,1,101,1,0.0,0.0,4.0,140000,140000,True,100,0,0.0,35000.0,0,25.87,61.02,0,0,0
EXP_St_R0_L0,StopAndWait,1,202,2,0.0,0.0,4.0,140000,140000,True,100,0,0.0,35000.0,0,26.2,63.73,0,0,0
EXP_St_R0_L0,StopAndWait,1,303,3,0.0,0.0,4.0,140000,140000,True,100,0,0.0,35000.0,0,26.93,61.27,0,0,0
EXP_St_R0_L0,StopAndWait,1,404,4,0.0,0.0,4.0,140000,140000,True,100,0,0.0,35000.0,0,24.52,61.25,0,0,0
EXP_St_R0_L0,StopAndWait,1,505,5,0.0,0.0,4.0,140000,140000,True,100,0,0.0,35000.0,0,26.31,55.01,0,0,0
EXP_St_R0_L5,StopAndWait,1,101,1,0.05,0.0,4.4,140000,140000,True,105,5,0.0476,31818.18,5,25.87,61.02,5,0,0
EXP_St_R0_L5,StopAndWait,1,202,2,0.05,0.0,4.4,140000,140000,True,102,2,0.0196,31818.18,2,26.2,63.73,2,0,0
EXP_St_R0_L5,StopAndWait,1,303,3,0.05,0.0,4.4,140000,140000,True,102,2,0.0196,31818.18,2,26.93,61.27,2,0,0
EXP_St_R0_L5,StopAndWait,1,404,4,0.05,0.0,4.4,140000,140000,True,104,4,0.0385,31818.18,4,24.52,61.25,4,0,0
EXP_St_R0_L5,StopAndWait,1,505,5,0.05,0.0,4.4,140000,140000,True,103,3,0.0291,31818.18,3,26.31,55.01,3,0,0
EXP_St_R5_L0,StopAndWait,1,101,1,0.0,0.05,4.0,140000,140000,True,100,0,0.0,35000.0,0,25.77,61.91,0,0,5
EXP_St_R5_L0,StopAndWait,1,202,2,0.0,0.05,4.0,140000,140000,True,100,0,0.0,35000.0,0,26.88,58.42,0,0,5
EXP_St_R5_L0,StopAndWait,1,303,3,0.0,0.05,4.0,140000,140000,True,100,0,0.0,35000.0,0,25.1,61.07,0,0,5
EXP_St_R5_L0,StopAndWait,1,404,4,0.0,0.05,4.0,140000,140000,True,100,0,0.0,35000.0,0,25.94,62.97,0,0,5
EXP_St_R5_L0,StopAndWait,1,505,5,0.0,0.05,4.0,140000,140000,True,100,0,0.0,35000.0,0,23.57,64.04,0,0,5
EXP_St_R5_L5,StopAndWait,1,101,1,0.05,0.05,4.4,140000,140000,True,104,4,0.0385,31818.18,4,25.77,61.91,4,0,5
EXP_St_R5_L5,StopAndWait,1,202,2,0.05,0.05,4.4,140000,140000,True,102,2,0.0196,31818.18,2,26.88,58.42,2,0,5
EXP_St_R5_L5,StopAndWait,1,303,3,0.05,0.05,4.4,140000,140000,True,107,7,0.0654,31818.18,7,25.1,61.07,7,0,5
EXP_St_R5_L5,StopAndWait,1,404,4,0.05,0.05,4.4,140000,140000,True,105,5,0.0476,31818.18,5,25.94,62.97,5,0,5
EXP_St_R5_L5,StopAndWait,1,505,5,0.05,0.05,4.4,140000,140000,True,108,8,0.0741,31818.18,8,23.57,64.04,8,0,5
EXP_St_R10_L0,StopAndWait,1,101,1,0.0,0.1,4.0,140000,140000,True,100,0,0.0,35000.0,0,23.33,61.42,0,0,10
EXP_St_R10_L0,StopAndWait,1,202,2,0.0,0.1,4.0,140000,140000,True,100,0,0.0,35000.0,0,24.13,59.17,0,0,10
EXP_St_R10_L0,StopAndWait,1,303,3,0.0,0.1,4.0,140000,140000,True,100,0,0.0,35000.0,0,23.58,58.54,0,0,10
EXP_St_R10_L0,StopAndWait,1,404,4,0.0,0.1,4.0,140000,140000,True,100,0,0.0,35000.0,0,23.58,59.66,0,0,10
EXP_St_R10_L0,StopAndWait,1,505,5,0.0,0.1,4.0,140000,140000,True,100,0,0.0,35000.0,0,27.87,63.08,0,0,10
EXP_St_R10_L5,StopAndWait,1,101,1,0.05,0.1,4.4,140000,140000,True,104,4,0.0385,31818.18,4,23.33,61.42,4,0,10
EXP_St_R10_L5,StopAndWait,1,202,2,0.05,0.1,4.4,140000,140000,True,100,0,0.0,31818.18,0,24.13,59.17,0,0,10
EXP_St_R10_L5,StopAndWait,1,303,3,0.05,0.1,4.4,140000,140000,True,105,5,0.0476,31818.18,5,23.58,58.54,5,0,10
EXP_St_R10_L5,StopAndWait,1,404,4,0.05,0.1,4.4,140000,140000,True,106,6,0.0566,31818.18,6,23.58,59.66,6,0,10
EXP_St_R10_L5,StopAndWait,1,505,5,0.05,0.1,4.4,140000,140000,True,107,7,0.0654,31818.18,7,27.87,63.08,7,0,10
EXP_St_R15_L0,StopAndWait,1,101,1,0.0,0.15,4.0,140000,140000,True,100,0,0.0,35000.0,0,26.17,58.76,0,0,15
EXP_St_R15_L0,StopAndWait,1,202,2,0.0,0.15,4.0,140000,140000,True,100,0,0.0,35000.0,0,25.82,56.86,0,0,15
EXP_St_R15_L0,StopAndWait,1,303,3,0.0,0.15,4.0,140000,140000,True,100,0,0.0,35000.0,0,25.32,57.01,0,0,15
EXP_St_R15_L0,StopAndWait,1,404,4,0.0,0.15,4.0,140000,140000,True,100,0,0.0,35000.0,0,24.27,56.07,0,0,15
EXP_St_R15_L0,StopAndWait,1,505,5,0.0,0.15,4.0,140000,140000,True,100,0,0.0,35000.0,0,25.31,61.41,0,0,15
EXP_St_R15_L5,StopAndWait,1,101,1,0.05,0.15,4.4,140000,140000,True,107,7,0.0654,31818.18,7,26.17,58.76,7,0,15
EXP_St_R15_L5,StopAndWait,1,202,2,0.05,0.15,4.4,140000,140000,True,103,3,0.0291,31818.18,3,25.82,56.86,3,0,15
EXP_St_R15_L5,StopAndWait,1,303,3,0.05,0.15,4.4,140000,140000,True,105,5,0.0476,31818.18,5,25.32,57.01,5,0,15
EXP_St_R15_L5,StopAndWait,1,404,4,0.05,0.15,4.4,140000,140000,True,110,10,0.0909,31818.18,10,24.27,56.07,10,0,15
EXP_St_R15_L5,StopAndWait,1,505,5,0.05,0.15,4.4,140000,140000,True,105,5,0.0476,31818.18,5,25.31,61.41,5,0,15
EXP_St_R20_L0,StopAndWait,1,101,1,0.0,0.2,4.0,140000,140000,True,100,0,0.0,35000.0,0,27.89,62.52,0,0,20
EXP_St_R20_L0,StopAndWait,1,202,2,0.0,0.2,4.0,140000,140000,True,100,0,0.0,35000.0,0,25.43,56.34,0,0,20
EXP_St_R20_L0,StopAndWait,1,303,3,0.0,0.2,4.0,140000,140000,True,100,0,0.0,35000.0,0,26.44,55.59,0,0,20
EXP_St_R20_L0,StopAndWait,1,404,4,0.0,0.2,4.0,140000,140000,True,100,0,0.0,35000.0,0,27.99,63.69,0,0,20
EXP_St_R20_L0,StopAndWait,1,505,5,0.0,0.2,4.0,140000,140000,True,100,0,0.0,35000.0,0,26.89,55.15,0,0,20
EXP_St_R20_L5,StopAndWait,1,101,1,0.05,0.2,4.4,140000,140000,True,106,6,0.0566,31818.18,6,27.89,62.52,6,0,20
EXP_St_R20_L5,StopAndWait,1,202,2,0.05,0.2,4.4,140000,140000,True,104,4,0.0385,31818.18,4,25.43,56.34,4,0,20
EXP_St_R20_L5,StopAndWait,1,303,3,0.05,0.2,4.4,140000,140000,True,105,5,0.0476,31818.18,5,26.44,55.59,5,0,20
EXP_St_R20_L5,StopAndWait,1,404,4,0.05,0.2,4.4,140000,140000,True,103,3,0.0291,31818.18,3,27.99,63.69,3,0,20
EXP_St_R20_L5,StopAndWait,1,505,5,0.05,0.2,4.4,140000,140000,True,104,4,0.0385,31818.18,4,26.89,55.15,4,0,20
EXP_St_R25_L0,StopAndWait,1,101,1,0.0,0.25,4.0,140000,140000,True,100,0,0.0,35000.0,0,27.55,55.79,0,0,25
EXP_St_R25_L0,StopAndWait,1,202,2,0.0,0.25,4.0,140000,140000,True,100,0,0.0,35000.0,0,26.46,58.79,0,0,25
EXP_St_R25_L0,StopAndWait,1,303,3,0.0,0.25,4.0,140000,140000,True,100,0,0.0,35000.0,0,25.59,64.78,0,0,25
EXP_St_R25_L0,StopAndWait,1,404,4,0.0,0.25,4.0,140000,140000,True,100,0,0.0,35000.0,0,25.47,57.28,0,0,25
EXP_St_R25_L0,StopAndWait,1,505,5,0.0,0.25,4.0,140000,140000,True,100,0,0.0,35000.0,0,23.8,55.93,0,0,25
EXP_St_R25_L5,StopAndWait,1,101,1,0.05,0.25,4.4,140000,140000,True,104,4,0.0385,31818.18,4,27.55,55.79,4,0,25
EXP_St_R25_L5,StopAndWait,1,202,2,0.05,0.25,4.4,140000,140000,True,104,4,0.0385,31818.18,4,26.46,58.79,4,0,25
EXP_St_R25_L5,StopAndWait,1,303,3,0.05,0.25,4.4,140000,140000,True,103,3,0.0291,31818.18,3,25.59,64.78,3,0,25
EXP_St_R25_L5,StopAndWait,1,404,4,0.05,0.25,4.4,140000,140000,True,106,6,0.0566,31818.18,6,25.47,57.28,6,0,25
EXP_St_R25_L5,StopAndWait,1,505,5,0.05,0.25,4.4,140000,140000,True,104,4,0.0385,31818.18,4,23.8,55.93,4,0,25
EXP_Go_R0_L0,GoBackN,8,101,1,0.0,0.0,0.625,140000,140000,True,100,0,0.0,224000.0,0,27.15,56.19,0,0,0
EXP_Go_R0_L0,GoBackN,8,202,2,0.0,0.0,0.625,140000,140000,True,100,0,0.0,224000.0,0,27.11,60.07,0,0,0
EXP_Go_R0_L0,GoBackN,8,303,3,0.0,0.0,0.625,140000,140000,True,100,0,0.0,224000.0,0,23.02,62.64,0,0,0
EXP_Go_R0_L0,GoBackN,8,404,4,0.0,0.0,0.625,140000,140000,True,100,0,0.0,224000.0,0,27.13,56.01,0,0,0
EXP_Go_R0_L0,GoBackN,8,505,5,0.0,0.0,0.625,140000,140000,True,100,0,0.0,224000.0,0,26.61,62.1,0,0,0
EXP_Go_R0_L5,GoBackN,8,101,1,0.05,0.0,0.6719,140000,140000,True,105,5,0.0476,208372.09,5,27.15,56.19,5,0,0
EXP_Go_R0_L5,GoBackN,8,202,2,0.05,0.0,0.6719,140000,140000,True,102,2,0.0196,208372.09,2,27.11,60.07,2,0,0
EXP_Go_R0_L5,GoBackN,8,303,3,0.05,0.0,0.6719,140000,140000,True,102,2,0.0196,208372.09,2,23.02,62.64,2,0,0
EXP_Go_R0_L5,GoBackN,8,404,4,0.05,0.0,0.6719,140000,140000,True,104,4,0.0385,208372.09,4,27.13,56.01,4,0,0
EXP_Go_R0_L5,GoBackN,8,505,5,0.05,0.0,0.6719,140000,140000,True,103,3,0.0291,208372.09,3,26.61,62.1,3,0,0
EXP_Go_R5_L0,GoBackN,8,101,1,0.0,0.05,0.7031,140000,140000,True,114,14,0.1228,199111.11,14,24.04,62.34,0,0,5
EXP_Go_R5_L0,GoBackN,8,202,2,0.0,0.05,0.7031,140000,140000,True,124,24,0.1935,199111.11,24,27.03,56.69,0,0,5
EXP_Go_R5_L0,GoBackN,8,303,3,0.0,0.05,0.7031,140000,140000,True,124,24,0.1935,199111.11,24,23.52,55.52,0,0,5
EXP_Go_R5_L0,GoBackN,8,404,4,0.0,0.05,0.7031,140000,140000,True,114,14,0.1228,199111.11,14,24.35,57.48,0,0,5
EXP_Go_R5_L0,GoBackN,8,505,5,0.0,0.05,0.7031,140000,140000,True,128,28,0.2188,199111.11,28,23.98,56.8,0,0,5
EXP_Go_R5_L5,GoBackN,8,101,1,0.05,0.05,0.75,140000,140000,True,118,18,0.1525,186666.67,18,24.04,62.34,4,0,5
EXP_Go_R5_L5,GoBackN,8,202,2,0.05,0.05,0.75,140000,140000,True,126,26,0.2063,186666.67,26,27.03,56.69,2,0,5
EXP_Go_R5_L5,GoBackN,8,303,3,0.05,0.05,0.75,140000,140000,True,131,31,0.2366,186666.67,31,23.52,55.52,7,0,5
EXP_Go_R5_L5,GoBackN,8,404,4,0.05,0.05,0.75,140000,140000,True,119,19,0.1597,186666.67,19,24.35,57.48,5,0,5
EXP_Go_R5_L5,GoBackN,8,505,5,0.05,0.05,0.75,140000,140000,True,136,36,0.2647,186666.67,36,23.98,56.8,8,0,5
EXP_Go_R10_L0,GoBackN,8,101,1,0.0,0.1,0.7812,140000,140000,True,142,42,0.2958,179200.0,42,23.21,57.49,0,0,10
EXP_Go_R10_L0,GoBackN,8,202,2,0.0,0.1,0.7812,140000,140000,True,156,56,0.359,179200.0,56,25.64,56.77,0,0,10
EXP_Go_R10_L0,GoBackN,8,303,3,0.0,0.1,0.7812,140000,140000,True,128,28,0.2188,179200.0,28,23.93,59.94,0,0,10
EXP_Go_R10_L0,GoBackN,8,404,4,0.0,0.1,0.7812,140000,140000,True,135,35,0.2593,179200.0,35,24.57,61.01,0,0,10
EXP_Go_R10_L0,GoBackN,8,505,5,0.0,0.1,0.7812,140000,140000,True,149,49,0.3289,179200.0,49,23.14,62.57,0,0,10
EXP_Go_R10_L5,GoBackN,8,101,1,0.05,0.1,0.8281,140000,140000,True,146,46,0.3151,169056.6,46,23.21,57.49,4,0,10
EXP_Go_R10_L5,GoBackN,8,202,2,0.05,0.1,0.8281,140000,140000,True,156,56,0.359,169056.6,56,25.64,56.77,0,0,10
EXP_Go_R10_L5,GoBackN,8,303,3,0.05,0.1,0.8281,140000,140000,True,133,33,0.2481,169056.6,33,23.93,59.94,5,0,10
EXP_Go_R10_L5,GoBackN,8,404,4,0.05,0.1,0.8281,140000,140000,True,141,41,0.2908,169056.6,41,24.57,61.01,6,0,10
EXP_Go_R10_L5,GoBackN,8,505,5,0.05,0.1,0.8281,140000,140000,True,156,56,0.359,169056.6,56,23.14,62.57,7,0,10
EXP_Go_R15_L0,GoBackN,8,101,1,0.0,0.15,0.8594,140000,140000,True,152,52,0.3421,162909.09,52,23.96,58.44,0,0,15
EXP_Go_R15_L0,GoBackN,8,202,2,0.0,0.15,0.8594,140000,140000,True,152,52,0.3421,162909.09,52,27.34,62.97,0,0,15
EXP_Go_R15_L0,GoBackN,8,303,3,0.0,0.15,0.8594,140000,140000,True,156,56,0.359,162909.09,56,25.48,62.19,0,0,15
EXP_Go_R15_L0,GoBackN,8,404,4,0.0,0.15,0.8594,140000,140000,True,138,38,0.2754,162909.09,38,25.1,58.44,0,0,15
EXP_Go_R15_L0,GoBackN,8,505,5,0.0,0.15,0.8594,140000,140000,True,156,56,0.359,162909.09,56,23.47,63.78,0,0,15
EXP_Go_R15_L5,GoBackN,8,101,1,0.05,0.15,0.9062,140000,140000,True,159,59,0.3711,154482.76,59,23.96,58.44,7,0,15
EXP_Go_R15_L5,GoBackN,8,202,2,0.05,0.15,0.9062,140000,140000,True,155,55,0.3548,154482.76,55,27.34,62.97,3,0,15
EXP_Go_R15_L5,GoBackN,8,303,3,0.05,0.15,0.9062,140000,140000,True,161,61,0.3789,154482.76,61,25.48,62.19,5,0,15
EXP_Go_R15_L5,GoBackN,8,404,4,0.05,0.15,0.9062,140000,140000,True,148,48,0.3243,154482.76,48,25.1,58.44,10,0,15
EXP_Go_R15_L5,GoBackN,8,505,5,0.05,0.15,0.9062,140000,140000,True,161,61,0.3789,154482.76,61,23.47,63.78,5,0,15
EXP_Go_R20_L0,GoBackN,8,101,1,0.0,0.2,0.9375,140000,140000,True,142,42,0.2958,149333.33,42,25.3,60.47,0,0,20
EXP_Go_R20_L0,GoBackN,8,202,2,0.0,0.2,0.9375,140000,140000,True,159,59,0.3711,149333.33,59,27.96,62.95,0,0,20
EXP_Go_R20_L0,GoBackN,8,303,3,0.0,0.2,0.9375,140000,140000,True,163,63,0.3865,149333.33,63,23.39,58.13,0,0,20
EXP_Go_R20_L0,GoBackN,8,404,4,0.0,0.2,0.9375,140000,140000,True,177,77,0.435,149333.33,77,26.57,57.09,0,0,20
EXP_Go_R20_L0,GoBackN,8,505,5,0.0,0.2,0.9375,140000,140000,True,170,70,0.4118,149333.33,70,24.35,62.58,0,0,20
EXP_Go_R20_L5,GoBackN,8,101,1,0.05,0.2,0.9844,140000,140000,True,148,48,0.3243,142222.22,48,25.3,60.47,6,0,20
EXP_Go_R20_L5,GoBackN,8,202,2,0.05,0.2,0.9844,140000,140000,True,163,63,0.3865,142222.22,63,27.96,62.95,4,0,20
EXP_Go_R20_L5,GoBackN,8,303,3,0.05,0.2,0.9844,140000,140000,True,168,68,0.4048,142222.22,68,23.39,58.13,5,0,20
EXP_Go_R20_L5,GoBackN,8,404,4,0.05,0.2,0.9844,140000,140000,True,180,80,0.4444,142222.22,80,26.57,57.09,3,0,20
EXP_Go_R20_L5,GoBackN,8,505,5,0.05,0.2,0.9844,140000,140000,True,174,74,0.4253,142222.22,74,24.35,62.58,4,0,20
EXP_Go_R25_L0,GoBackN,8,101,1,0.0,0.25,1.0156,140000,140000,True,194,94,0.4845,137846.15,94,25.21,59.42,0,0,25
EXP_Go_R25_L0,GoBackN,8,202,2,0.0,0.25,1.0156,140000,140000,True,177,77,0.435,137846.15,77,23.67,58.79,0,0,25
EXP_Go_R25_L0,GoBackN,8,303,3,0.0,0.25,1.0156,140000,140000,True,170,70,0.4118,137846.15,70,24.56,60.74,0,0,25
EXP_Go_R25_L0,GoBackN,8,404,4,0.0,0.25,1.0156,140000,140000,True,152,52,0.3421,137846.15,52,24.84,63.75,0,0,25
EXP_Go_R25_L0,GoBackN,8,505,5,0.0,0.25,1.0156,140000,140000,True,219,119,0.5434,137846.15,119,27.61,57.39,0,0,25
EXP_Go_R25_L5,GoBackN,8,101,1,0.05,0.25,1.0625,140000,140000,True,198,98,0.4949,131764.71,98,25.21,59.42,4,0,25
EXP_Go_R25_L5,GoBackN,8,202,2,0.05,0.25,1.0625,140000,140000,True,181,81,0.4475,131764.71,81,23.67,58.79,4,0,25
EXP_Go_R25_L5,GoBackN,8,303,3,0.05,0.25,1.0625,140000,140000,True,173,73,0.422,131764.71,73,24.56,60.74,3,0,25
EXP_Go_R25_L5,GoBackN,8,404,4,0.05,0.25,1.0625,140000,140000,True,158,58,0.3671,131764.71,58,24.84,63.75,6,0,25
EXP_Go_R25_L5,GoBackN,8,505,5,0.05,0.25,1.0625,140000,140000,True,223,123,0.5516,131764.71,123,27.61,57.39,4,0,25
EXP_Se_R0_L0,SelectiveRepeat,8,101,1,0.0,0.0,0.5625,140000,140000,True,100,0,0.0,248888.89,0,27.15,56.19,0,0,0
EXP_Se_R0_L0,SelectiveRepeat,8,202,2,0.0,0.0,0.5625,140000,140000,True,100,0,0.0,248888.89,0,27.11,60.07,0,0,0
EXP_Se_R0_L0,SelectiveRepeat,8,303,3,0.0,0.0,0.5625,140000,140000,True,100,0,0.0,248888.89,0,23.02,62.64,0,0,0
EXP_Se_R0_L0,SelectiveRepeat,8,404,4,0.0,0.0,0.5625,140000,140000,True,100,0,0.0,248888.89,0,27.13,56.01,0,0,0
EXP_Se_R0_L0,SelectiveRepeat,8,505,5,0.0,0.0,0.5625,140000,140000,True,100,0,0.0,248888.89,0,26.61,62.1,0,0,0
EXP_Se_R0_L5,SelectiveRepeat,8,101,1,0.05,0.0,0.5963,140000,140000,True,105,5,0.0476,234800.84,5,27.15,56.19,5,0,0
EXP_Se_R0_L5,SelectiveRepeat,8,202,2,0.05,0.0,0.5963,140000,140000,True,102,2,0.0196,234800.84,2,27.11,60.07,2,0,0
EXP_Se_R0_L5,SelectiveRepeat,8,303,3,0.05,0.0,0.5963,140000,140000,True,102,2,0.0196,234800.84,2,23.02,62.64,2,0,0
EXP_Se_R0_L5,SelectiveRepeat,8,404,4,0.05,0.0,0.5963,140000,140000,True,104,4,0.0385,234800.84,4,27.13,56.01,4,0,0
EXP_Se_R0_L5,SelectiveRepeat,8,505,5,0.05,0.0,0.5963,140000,140000,True,103,3,0.0291,234800.84,3,26.61,62.1,3,0,0
EXP_Se_R5_L0,SelectiveRepeat,8,101,1,0.0,0.05,0.5709,140000,140000,True,100,0,0.0,245210.73,0,24.04,62.34,0,0,5
EXP_Se_R5_L0,SelectiveRepeat,8,202,2,0.0,0.05,0.5709,140000,140000,True,100,0,0.0,245210.73,0,27.03,56.69,0,0,5
EXP_Se_R5_L0,SelectiveRepeat,8,303,3,0.0,0.05,0.5709,140000,140000,True,100,0,0.0,245210.73,0,23.52,55.52,0,0,5
EXP_Se_R5_L0,SelectiveRepeat,8,404,4,0.0,0.05,0.5709,140000,140000,True,100,0,0.0,245210.73,0,24.35,57.48,0,0,5
EXP_Se_R5_L0,SelectiveRepeat,8,505,5,0.0,0.05,0.5709,140000,140000,True,100,0,0.0,245210.73,0,23.98,56.8,0,0,5
EXP_Se_R5_L5,SelectiveRepeat,8,101,1,0.05,0.05,0.6047,140000,140000,True,104,4,0.0385,231524.55,4,24.04,62.34,4,0,5
EXP_Se_R5_L5,SelectiveRepeat,8,202,2,0.05,0.05,0.6047,140000,140000,True,102,2,0.0196,231524.55,2,27.03,56.69,2,0,5
EXP_Se_R5_L5,SelectiveRepeat,8,303,3,0.05,0.05,0.6047,140000,140000,True,107,7,0.0654,231524.55,7,23.52,55.52,7,0,5
EXP_Se_R5_L5,SelectiveRepeat,8,404,4,0.05,0.05,0.6047,140000,140000,True,105,5,0.0476,231524.55,5,24.35,57.48,5,0,5
EXP_Se_R5_L5,SelectiveRepeat,8,505,5,0.05,0.05,0.6047,140000,140000,True,108,8,0.0741,231524.55,8,23.98,56.8,8,0,5
EXP_Se_R10_L0,SelectiveRepeat,8,101,1,0.0,0.1,0.5794,140000,140000,True,101,1,0.0099,241639.7,1,23.21,57.49,0,0,10
EXP_Se_R10_L0,SelectiveRepeat,8,202,2,0.0,0.1,0.5794,140000,140000,True,101,1,0.0099,241639.7,1,25.64,56.77,0,0,10
EXP_Se_R10_L0,SelectiveRepeat,8,303,3,0.0,0.1,0.5794,140000,140000,True,100,0,0.0,241639.7,0,23.93,59.94,0,0,10
EXP_Se_R10_L0,SelectiveRepeat,8,404,4,0.0,0.1,0.5794,140000,140000,True,101,1,0.0099,241639.7,1,24.57,61.01,0,0,10
EXP_Se_R10_L0,SelectiveRepeat,8,505,5,0.0,0.1,0.5794,140000,140000,True,101,1,0.0099,241639.7,1,23.14,62.57,0,0,10
EXP_Se_R10_L5,SelectiveRepeat,8,101,1,0.05,0.1,0.6131,140000,140000,True,105,5,0.0476,228338.43,5,23.21,57.49,4,0,10
EXP_Se_R10_L5,SelectiveRepeat,8,202,2,0.05,0.1,0.6131,140000,140000,True,101,1,0.0099,228338.43,1,25.64,56.77,0,0,10
EXP_Se_R10_L5,SelectiveRepeat,8,303,3,0.05,0.1,0.6131,140000,140000,True,105,5,0.0476,228338.43,5,23.93,59.94,5,0,10
EXP_Se_R10_L5,SelectiveRepeat,8,404,4,0.05,0.1,0.6131,140000,140000,True,107,7,0.0654,228338.43,7,24.57,61.01,6,0,10
EXP_Se_R10_L5,SelectiveRepeat,8,505,5,0.05,0.1,0.6131,140000,140000,True,108,8,0.0741,228338.43,8,23.14,62.57,7,0,10
EXP_Se_R15_L0,SelectiveRepeat,8,101,1,0.0,0.15,0.5878,140000,140000,True,101,1,0.0099,238171.19,1,23.96,58.44,0,0,15
EXP_Se_R15_L0,SelectiveRepeat,8,202,2,0.0,0.15,0.5878,140000,140000,True,101,1,0.0099,238171.19,1,27.34,62.97,0,0,15
EXP_Se_R15_L0,SelectiveRepeat,8,303,3,0.0,0.15,0.5878,140000,140000,True,101,1,0.0099,238171.19,1,25.48,62.19,0,0,15
EXP_Se_R15_L0,SelectiveRepeat,8,404,4,0.0,0.15,0.5878,140000,140000,True,101,1,0.0099,238171.19,1,25.1,58.44,0,0,15
EXP_Se_R15_L0,SelectiveRepeat,8,505,5,0.0,0.15,0.5878,140000,140000,True,101,1,0.0099,238171.19,1,23.47,63.78,0,0,15
EXP_Se_R15_L5,SelectiveRepeat,8,101,1,0.05,0.15,0.6216,140000,140000,True,108,8,0.0741,225238.81,8,23.96,58.44,7,0,15
EXP_Se_R15_L5,SelectiveRepeat,8,202,2,0.05,0.15,0.6216,140000,140000,True,104,4,0.0385,225238.81,4,27.34,62.97,3,0,15
EXP_Se_R15_L5,SelectiveRepeat,8,303,3,0.05,0.15,0.6216,140000,140000,True,106,6,0.0566,225238.81,6,25.48,62.19,5,0,15
EXP_Se_R15_L5,SelectiveRepeat,8,404,4,0.05,0.15,0.6216,140000,140000,True,111,11,0.0991,225238.81,11,25.1,58.44,10,0,15
EXP_Se_R15_L5,SelectiveRepeat,8,505,5,0.05,0.15,0.6216,140000,140000,True,106,6,0.0566,225238.81,6,23.47,63.78,5,0,15
EXP_Se_R20_L0,SelectiveRepeat,8,101,1,0.0,0.2,0.5963,140000,140000,True,101,1,0.0099,234800.84,1,25.3,60.47,0,0,20
EXP_Se_R20_L0,SelectiveRepeat,8,202,2,0.0,0.2,0.5963,140000,140000,True,102,2,0.0196,234800.84,2,27.96,62.95,0,0,20
EXP_Se_R20_L0,SelectiveRepeat,8,303,3,0.0,0.2,0.5963,140000,140000,True,102,2,0.0196,234800.84,2,23.39,58.13,0,0,20
EXP_Se_R20_L0,SelectiveRepeat,8,404,4,0.0,0.2,0.5963,140000,140000,True,102,2,0.0196,234800.84,2,26.57,57.09,0,0,20
EXP_Se_R20_L0,SelectiveRepeat,8,505,5,0.0,0.2,0.5963,140000,140000,True,102,2,0.0196,234800.84,2,24.35,62.58,0,0,20
EXP_Se_R20_L5,SelectiveRepeat,8,101,1,0.05,0.2,0.63,140000,140000,True,107,7,0.0654,222222.22,7,25.3,60.47,6,0,20
EXP_Se_R20_L5,SelectiveRepeat,8,202,2,0.05,0.2,0.63,140000,140000,True,106,6,0.0566,222222.22,6,27.96,62.95,4,0,20
EXP_Se_R20_L5,SelectiveRepeat,8,303,3,0.05,0.2,0.63,140000,140000,True,107,7,0.0654,222222.22,7,23.39,58.13,5,0,20
EXP_Se_R20_L5,SelectiveRepeat,8,404,4,0.05,0.2,0.63,140000,140000,True,105,5,0.0476,222222.22,5,26.57,57.09,3,0,20
EXP_Se_R20_L5,SelectiveRepeat,8,505,5,0.05,0.2,0.63,140000,140000,True,106,6,0.0566,222222.22,6,24.35,62.58,4,0,20
EXP_Se_R25_L0,SelectiveRepeat,8,101,1,0.0,0.25,0.6047,140000,140000,True,103,3,0.0291,231524.55,3,25.21,59.42,0,0,25
EXP_Se_R25_L0,SelectiveRepeat,8,202,2,0.0,0.25,0.6047,140000,140000,True,102,2,0.0196,231524.55,2,23.67,58.79,0,0,25
EXP_Se_R25_L0,SelectiveRepeat,8,303,3,0.0,0.25,0.6047,140000,140000,True,102,2,0.0196,231524.55,2,24.56,60.74,0,0,25
EXP_Se_R25_L0,SelectiveRepeat,8,404,4,0.0,0.25,0.6047,140000,140000,True,101,1,0.0099,231524.55,1,24.84,63.75,0,0,25
EXP_Se_R25_L0,SelectiveRepeat,8,505,5,0.0,0.25,0.6047,140000,140000,True,104,4,0.0385,231524.55,4,27.61,57.39,0,0,25
EXP_Se_R25_L5,SelectiveRepeat,8,101,1,0.05,0.25,0.6384,140000,140000,True,107,7,0.0654,219285.36,7,25.21,59.42,4,0,25
EXP_Se_R25_L5,SelectiveRepeat,8,202,2,0.05,0.25,0.6384,140000,140000,True,106,6,0.0566,219285.36,6,23.67,58.79,4,0,25
EXP_Se_R25_L5,SelectiveRepeat,8,303,3,0.05,0.25,0.6384,140000,140000,True,105,5,0.0476,219285.36,5,24.56,60.74,3,0,25
EXP_Se_R25_L5,SelectiveRepeat,8,404,4,0.05,0.25,0.6384,140000,140000,True,107,7,0.0654,219285.36,7,24.84,63.75,6,0,25
EXP_Se_R25_L5,SelectiveRepeat,8,505,5,0.05,0.25,0.6384,140000,140000,True,108,8,0.0741,219285.36,8,27.61,57.39,4,0,25
