comparison,loss_rate,metric,n,mean_difference,std_difference,sem_difference,ci95_low,ci95_high,t_statistic,exploratory_p
GoBackN - SelectiveRepeat,0.00,goodput_bytes_sec,5,0.0,0.0,0.0,0.0,0.0,,
GoBackN - SelectiveRepeat,0.00,data_retransmissions,5,0.0,0.0,0.0,0.0,0.0,,
GoBackN - SelectiveRepeat,0.00,duration_secs,5,0.0,0.0,0.0,0.0,0.0,,
GoBackN - SelectiveRepeat,0.05,goodput_bytes_sec,5,-16298.875568495783,48116.065452070354,21518.15863213169,-76042.86177554748,43445.11063855591,-0.757448,0.490952
GoBackN - SelectiveRepeat,0.05,data_retransmissions,5,22.4,9.787747442593725,4.377213725647858,10.246906377020403,34.553093622979596,5.11741,0.00689853
GoBackN - SelectiveRepeat,0.05,duration_secs,5,-0.5040000000000001,1.7159487171824221,0.7673955955046914,-2.634631744889347,1.6266317448893468,-0.656767,0.547196
GoBackN - SelectiveRepeat,0.10,goodput_bytes_sec,5,-16293.190922077973,13188.577381428331,5898.111110277984,-32668.972644122012,82.59079996606488,-2.76244,0.0507224
GoBackN - SelectiveRepeat,0.10,data_retransmissions,5,73.2,15.61089363233252,6.981403870282824,53.81651539694432,92.5834846030557,10.485,0.000467724
GoBackN - SelectiveRepeat,0.10,duration_secs,5,27.056,41.16751729215645,18.410673426031977,-24.060224117101587,78.17222411710159,1.46958,0.215613
GoBackN - SelectiveRepeat,0.15,goodput_bytes_sec,5,-13927.396600090122,8460.24126531921,3783.534915060517,-24432.17359535485,-3422.619604825397,-3.68105,0.0211843
GoBackN - SelectiveRepeat,0.15,data_retransmissions,5,111.2,23.84743172754668,10.664895686315925,81.58950257428309,140.81049742571693,10.4267,0.000477953
GoBackN - SelectiveRepeat,0.15,duration_secs,5,116.34400000000001,48.34081174328789,21.618668229102365,56.32095441441368,176.36704558558634,5.38165,0.0057623
GoBackN - SelectiveRepeat,0.20,goodput_bytes_sec,5,-8340.254146266712,3236.3949504551497,1447.3598222509556,-12358.769240215328,-4321.739052318097,-5.76239,0.00450002
GoBackN - SelectiveRepeat,0.20,data_retransmissions,5,140.2,33.588688572196446,15.02131818450032,98.49413465302545,181.9058653469745,9.3334,0.00073361
GoBackN - SelectiveRepeat,0.20,duration_secs,5,287.93600000000004,210.8474379260986,94.29384081688474,26.134327213660413,549.7376727863397,3.0536,0.0378945
GoBackN - SelectiveRepeat,0.25,goodput_bytes_sec,5,-3838.009259577974,3567.059140030664,1595.237343374101,-8267.09817321773,591.0796540617825,-2.40592,0.0738808
GoBackN - SelectiveRepeat,0.25,data_retransmissions,5,183.4,28.553458634638293,12.76949489995591,147.9461983891692,218.8538016108308,14.3624,0.000136566
GoBackN - SelectiveRepeat,0.25,duration_secs,5,596.688,413.51361128746413,184.9289088920388,83.24303609713002,1110.13296390287,3.22658,0.0320794
