protocol,loss_rate,metric,n,mean,std,sem,ci95_low,ci95_high
StopAndWait,0.00,goodput_bytes_sec,5,35175.87939698492,0.0,0.0,35175.87939698492,35175.87939698492
StopAndWait,0.00,data_retransmissions,5,0.0,0.0,0.0,0.0,0.0
StopAndWait,0.00,duration_secs,5,3.9799999999999995,4.965068306494546e-16,2.220446049250313e-16,3.979999999999999,3.98
StopAndWait,0.05,goodput_bytes_sec,5,28086.709020436403,5060.146524634095,2262.96632103823,21803.70725516235,34369.71078571046
StopAndWait,0.05,data_retransmissions,5,4.6,3.361547262794322,1.5033296378372907,0.42608778552788085,8.77391221447212
StopAndWait,0.05,duration_secs,5,5.14,1.0899541274750972,0.4874423042781577,3.786643200220575,6.493356799779424
StopAndWait,0.10,goodput_bytes_sec,5,19198.878379044992,3067.138098524984,1371.6658569362621,15390.523424587369,23007.233333502616
StopAndWait,0.10,data_retransmissions,5,11.8,3.1937438845342623,1.42828568570857,7.834443199090366,15.765556800909636
StopAndWait,0.10,duration_secs,5,7.459999999999999,1.3236313686219439,0.5919459434779497,5.816494582688955,9.103505417311043
StopAndWait,0.15,goodput_bytes_sec,5,14456.921514373389,3152.5339396722807,1409.856038096488,10542.53361836684,18371.309410379938
StopAndWait,0.15,data_retransmissions,5,17.2,1.3038404810405297,0.58309518948453,15.581068215291296,18.818931784708703
StopAndWait,0.15,duration_secs,5,10.1,2.4066574330386117,1.0762899237658967,7.111740109386469,13.08825989061353
StopAndWait,0.20,goodput_bytes_sec,5,10746.089421058447,2674.3087138896994,1195.9872154154807,7425.496570938995,14066.682271177899
StopAndWait,0.20,data_retransmissions,5,24.8,4.207136793592526,1.8814887722226779,19.57614970787774,30.023850292122262
StopAndWait,0.20,duration_secs,5,13.66,3.198749755763961,1.4305243793798132,9.688227589004805,17.631772410995197
StopAndWait,0.25,goodput_bytes_sec,5,8284.442008778096,3044.213258292987,1361.4135567098488,4504.5520031011165,12064.332014455076
StopAndWait,0.25,data_retransmissions,5,31.6,7.569676347110224,3.385262175962151,22.201005401738655,40.99899459826135
StopAndWait,0.25,duration_secs,5,18.9,7.334302966199311,3.2800000000000002,9.793260054951233,28.006739945048764
GoBackN,0.00,goodput_bytes_sec,5,280000.0,0.0,0.0,280000.0,280000.0
GoBackN,0.00,data_retransmissions,5,0.0,0.0,0.0,0.0,0.0
GoBackN,0.00,duration_secs,5,0.5,0.0,0.0,0.5,0.5
GoBackN,0.05,goodput_bytes_sec,5,94745.50488634995,26820.898543956675,11994.670472382451,61442.960764843185,128048.04900785672
GoBackN,0.05,data_retransmissions,5,27.0,12.36931687685298,5.531726674375732,11.641464551637426,42.358535448362574
GoBackN,0.05,duration_secs,5,1.5879999999999999,0.4983171680767179,0.22285421243494585,0.969257512712285,2.206742487287715
GoBackN,0.10,goodput_bytes_sec,5,10360.8710427403,8178.378299462474,3657.4819646614446,206.07314460682028,20515.66894087378
GoBackN,0.10,data_retransmissions,5,85.0,16.73320053068151,7.483314773547883,64.22298732632865,105.77701267367135
GoBackN,0.10,duration_secs,5,32.604,40.84231727020396,18.265239554957937,-18.108434957628106,83.3164349576281
GoBackN,0.15,goodput_bytes_sec,5,1214.6579508594793,427.38507765397327,191.1324172406621,683.9892865670205,1745.3266151519383
GoBackN,0.15,data_retransmissions,5,128.4,24.63331078032346,11.016351483136328,97.8137048475077,158.98629515249232
GoBackN,0.15,duration_secs,5,127.83600000000001,45.77649702631253,20.47187182453036,70.99697167854606,184.67502832145396
GoBackN,0.20,goodput_bytes_sec,5,687.1112403867968,438.97125285886443,196.31391231213394,142.05643946554358,1232.16604130805
GoBackN,0.20,data_retransmissions,5,165.0,35.45419580247167,15.855598380382872,120.9778014868039,209.0221985131961
GoBackN,0.20,duration_secs,5,306.812,221.03475636198033,98.84974812309842,32.36110067358857,581.2628993264115
GoBackN,0.25,goodput_bytes_sec,5,288.0985859264407,203.33949046866684,90.93618463962191,35.619261198399585,540.5779106544818
GoBackN,0.25,data_retransmissions,5,215.0,34.31471987354698,15.346009253222805,172.39264772456949,257.6073522754305
GoBackN,0.25,duration_secs,5,674.196,410.41268654855196,183.54213319017515,164.6013427065766,1183.7906572934235
SelectiveRepeat,0.00,goodput_bytes_sec,5,280000.0,0.0,0.0,280000.0,280000.0
SelectiveRepeat,0.00,data_retransmissions,5,0.0,0.0,0.0,0.0,0.0
SelectiveRepeat,0.00,duration_secs,5,0.5,0.0,0.0,0.5,0.5
SelectiveRepeat,0.05,goodput_bytes_sec,5,111044.38045484576,64516.64874980478,28852.72245700806,30936.38041745525,191152.38049223626
SelectiveRepeat,0.05,data_retransmissions,5,4.6,3.361547262794322,1.5033296378372907,0.42608778552788085,8.77391221447212
SelectiveRepeat,0.05,duration_secs,5,2.092,2.1123257324569997,0.944660785679177,-0.5307988144712534,4.714798814471253
SelectiveRepeat,0.10,goodput_bytes_sec,5,26654.06196481827,6031.719701869498,2697.4670549209923,19164.692763750572,34143.431165885966
SelectiveRepeat,0.10,data_retransmissions,5,11.8,3.1937438845342623,1.42828568570857,7.834443199090366,15.765556800909636
SelectiveRepeat,0.10,duration_secs,5,5.548,1.6500666653199196,0.737932246212347,3.4991716270361155,7.596828372963884
SelectiveRepeat,0.15,goodput_bytes_sec,5,15142.0545509496,8253.494385401831,3691.0748995342683,4893.987713219241,25390.12138867996
SelectiveRepeat,0.15,data_retransmissions,5,17.2,1.3038404810405297,0.58309518948453,15.581068215291296,18.818931784708703
SelectiveRepeat,0.15,duration_secs,5,11.492,5.267135844080728,2.355534758818048,4.951987048756365,18.032012951243637
SelectiveRepeat,0.20,goodput_bytes_sec,5,9027.36538665351,3627.624625054798,1622.323051694943,4523.0744907255375,13531.656282581482
SelectiveRepeat,0.20,data_retransmissions,5,24.8,4.207136793592526,1.8814887722226779,19.57614970787774,30.023850292122262
SelectiveRepeat,0.20,duration_secs,5,18.875999999999998,11.091135198887441,4.960106450470594,5.104536724330911,32.64746327566908
SelectiveRepeat,0.25,goodput_bytes_sec,5,4126.107845504414,3718.919346488205,1663.151292317344,-491.54041925346155,8743.75611026229
SelectiveRepeat,0.25,data_retransmissions,5,31.6,7.569676347110224,3.385262175962151,22.201005401738655,40.99899459826135
SelectiveRepeat,0.25,duration_secs,5,77.50800000000001,69.01384440820551,30.863929497068252,-8.184005979304956,163.200005979305
